﻿,산업분류 구분,산업분류코드,산업분류 구분명,산업분류명
577,KSIC,C24,KSIC CODE,1차 금속 제조업
578,KSIC,C241,KSIC CODE,1차 철강 제조업
579,KSIC,C2411,KSIC CODE,"제철, 제강 및 합금철 제조업"
580,KSIC,C24110,KSIC CODE,"제철, 제강 및 합금철 제조업"
581,KSIC,C24111,KSIC CODE,제철업
582,KSIC,C24112,KSIC CODE,제강업
583,KSIC,C24113,KSIC CODE,합금철 제조업
584,KSIC,C24119,KSIC CODE,기타 제철 및 제강업
585,KSIC,C2412,KSIC CODE,"철강 압연, 압출 및 연신제품 제조업"
586,KSIC,C24121,KSIC CODE,열간 압연 및 압출제품 제조업
587,KSIC,C24122,KSIC CODE,냉간 압연 및 압출 제품 제조업
588,KSIC,C24123,KSIC CODE,철강선 제조업
589,KSIC,C2413,KSIC CODE,철강관 제조업
590,KSIC,C24131,KSIC CODE,주철관 제조업
591,KSIC,C24132,KSIC CODE,강관 제조업
592,KSIC,C24133,KSIC CODE,강관 가공품 및 관 연결구류 제조업
593,KSIC,C2419,KSIC CODE,기타 1차 철강 제조업
594,KSIC,C24190,KSIC CODE,기타 1차 철강 제조업
595,KSIC,C24191,KSIC CODE,"도금, 착색 및 기타 표면 처리 강재 제조업"
596,KSIC,C24199,KSIC CODE,그 외 기타 1차 철강 제조업
597,KSIC,C242,KSIC CODE,1차 비철금속 제조업
598,KSIC,C2421,KSIC CODE,"비철금속 제련, 정련 및 합금 제조업"
599,KSIC,C24210,KSIC CODE,"비철금속 제련, 정련 및 합금 제조업"
600,KSIC,C24211,KSIC CODE,"동 제련, 정련 및 합금 제조업"
601,KSIC,C24212,KSIC CODE,"알루미늄 제련, 정련 및 합금 제조업"
602,KSIC,C24213,KSIC CODE,"연 및 아연 제련, 정련 및 합금 제조업"
603,KSIC,C24219,KSIC CODE,"기타 비철금속 제련, 정련 및 합금 제조업"
604,KSIC,C2422,KSIC CODE,"비철금속 압연, 압출 및 연신제품 제조업"
605,KSIC,C24220,KSIC CODE,"비철금속 압연, 압출 및 연신제품 제조업"
606,KSIC,C24221,KSIC CODE,"동 압연, 압출 및 연신제품 제조업"
607,KSIC,C24222,KSIC CODE,"알루미늄 압연, 압출 및 연신제품 제조업"
608,KSIC,C24229,KSIC CODE,"기타 비철금속 압연, 압출 및 연신제품 제조업"
609,KSIC,C2429,KSIC CODE,기타 1차 비철금속 제조업
610,KSIC,C24290,KSIC CODE,기타 1차 비철금속 제조업
611,KSIC,C243,KSIC CODE,금속 주조업
612,KSIC,C2431,KSIC CODE,철강 주조업
613,KSIC,C24311,KSIC CODE,선철 주물 주조업
614,KSIC,C24312,KSIC CODE,강 주물 주조업
615,KSIC,C2432,KSIC CODE,비철금속 주조업
616,KSIC,C24321,KSIC CODE,알루미늄 주물 주조업
617,KSIC,C24322,KSIC CODE,동 주물 주조업
618,KSIC,C24329,KSIC CODE,기타 비철금속 주조업
