﻿,산업분류 구분,산업분류코드,산업분류 구분명,산업분류명
410,KSIC,C19,KSIC CODE,"코크스, 연탄 및 석유정제품 제조업"
411,KSIC,C191,KSIC CODE,코크스 및 연탄 제조업
412,KSIC,C1910,KSIC CODE,코크스 및 연탄 제조업
413,KSIC,C19101,KSIC CODE,코크스 및 관련제품 제조업
414,KSIC,C19102,KSIC CODE,연탄 및 기타 석탄 가공품 제조업
415,KSIC,C192,KSIC CODE,석유 정제품 제조업
416,KSIC,C19200,KSIC CODE,석유 정제품 제조업
417,KSIC,C1921,KSIC CODE,원유 정제처리업
418,KSIC,C19210,KSIC CODE,원유 정제처리업
419,KSIC,C1922,KSIC CODE,석유 정제물 재처리업
420,KSIC,C19221,KSIC CODE,윤활유 및 그리스 제조업
421,KSIC,C19229,KSIC CODE,기타 석유 정제물 재처리업
