﻿,산업분류 구분,산업분류코드,산업분류 구분명,산업분류명
1614,KSIC,J62,KSIC CODE,"컴퓨터 프로그래밍, 시스템 통합 및 관리업"
1615,KSIC,J620,KSIC CODE,"컴퓨터 프로그래밍, 시스템 통합 및 관리업"
1616,KSIC,J6201,KSIC CODE,컴퓨터 프로그래밍 서비스업
1617,KSIC,J62010,KSIC CODE,컴퓨터 프로그래밍 서비스업
1618,KSIC,J6202,KSIC CODE,"컴퓨터 시스템 통합 자문, 구축 및 관리업"
1619,KSIC,J62020,KSIC CODE,"컴퓨터 시스템 통합 자문, 구축 및 관리업"
1620,KSIC,J62021,KSIC CODE,컴퓨터 시스템 통합 자문 및 구축 서비스업
1621,KSIC,J62022,KSIC CODE,컴퓨터시설 관리업
1622,KSIC,J6209,KSIC CODE,기타 정보 기술 및 컴퓨터 운영 관련 서비스업
1623,KSIC,J62090,KSIC CODE,기타 정보 기술 및 컴퓨터 운영 관련 서비스업
