﻿,산업분류 구분,산업분류코드,산업분류 구분명,산업분류명
66,KSIC,A01,KSIC CODE,농업
67,KSIC,A011,KSIC CODE,작물 재배업
68,KSIC,A0111,KSIC CODE,곡물 및 기타 식량작물 재배업
69,KSIC,A01110,KSIC CODE,곡물 및 기타 식량작물 재배업
70,KSIC,A0112,KSIC CODE,"채소, 화훼작물 및 종묘 재배업"
71,KSIC,A01121,KSIC CODE,채소작물 재배업
72,KSIC,A01122,KSIC CODE,화훼작물 재배업
73,KSIC,A01123,KSIC CODE,종자 및 묘목 생산업
74,KSIC,A0113,KSIC CODE,"과실, 음료용 및 향신용 작물 재배업"
75,KSIC,A01131,KSIC CODE,과실작물 재배업
76,KSIC,A01132,KSIC CODE,음료용 및 향신용 작물 재배업
77,KSIC,A0114,KSIC CODE,기타 작물 재배업
78,KSIC,A01140,KSIC CODE,기타 작물 재배업
79,KSIC,A0115,KSIC CODE,시설작물 재배업
80,KSIC,A01151,KSIC CODE,콩나물 재배업
81,KSIC,A01152,KSIC CODE,"채소, 화훼 및 과실작물 시설 재배업"
82,KSIC,A01159,KSIC CODE,기타 시설작물 재배업
83,KSIC,A012,KSIC CODE,축산업
84,KSIC,A0121,KSIC CODE,소 사육업
85,KSIC,A01211,KSIC CODE,젖소 사육업
86,KSIC,A01212,KSIC CODE,육우 사육업
87,KSIC,A0122,KSIC CODE,양돈업
88,KSIC,A01220,KSIC CODE,양돈업
89,KSIC,A0123,KSIC CODE,가금류 및 조류 사육업
90,KSIC,A01231,KSIC CODE,양계업
91,KSIC,A01239,KSIC CODE,기타 가금류 및 조류 사육업
92,KSIC,A0129,KSIC CODE,기타 축산업
93,KSIC,A01291,KSIC CODE,말 및 양 사육업
94,KSIC,A01299,KSIC CODE,그 외 기타 축산업
95,KSIC,A013,KSIC CODE,작물재배 및 축산 복합농업
96,KSIC,A0130,KSIC CODE,작물재배 및 축산 복합농업
97,KSIC,A01300,KSIC CODE,작물재배 및 축산 복합농업
98,KSIC,A014,KSIC CODE,작물재배 및 축산 관련 서비스업
99,KSIC,A0141,KSIC CODE,작물재배 관련 서비스업
100,KSIC,A01411,KSIC CODE,작물재배 지원 서비스업
101,KSIC,A01412,KSIC CODE,"농산물 건조, 선별 및 기타 수확 후 서비스업"
102,KSIC,A0142,KSIC CODE,축산 관련 서비스업
103,KSIC,A01420,KSIC CODE,축산 관련 서비스업
104,KSIC,A015,KSIC CODE,수렵 및 관련 서비스업
105,KSIC,A0150,KSIC CODE,수렵 및 관련 서비스업
106,KSIC,A01500,KSIC CODE,수렵 및 관련 서비스업
