﻿,산업분류 구분,산업분류코드,산업분류 구분명,산업분류명
1716,KSIC,M70,KSIC CODE,연구개발업
1717,KSIC,M701,KSIC CODE,자연과학 및 공학 연구개발업
1718,KSIC,M7011,KSIC CODE,자연과학 연구개발업
1719,KSIC,M70111,KSIC CODE,"물리, 화학 및 생물학 연구개발업"
1720,KSIC,M70112,KSIC CODE,농림수산학 및 수의학 연구개발업
1721,KSIC,M70113,KSIC CODE,의학 및 약학 연구개발업
1722,KSIC,M70119,KSIC CODE,기타 자연과학 연구개발업
1723,KSIC,M7012,KSIC CODE,공학 연구개발업
1724,KSIC,M70121,KSIC CODE,전기ㆍ전자공학 연구개발업
1725,KSIC,M70129,KSIC CODE,기타 공학 연구개발업
1726,KSIC,M7013,KSIC CODE,자연과학 및 공학 융합 연구개발업
1727,KSIC,M70130,KSIC CODE,자연과학 및 공학 융합 연구개발업
1728,KSIC,M702,KSIC CODE,인문 및 사회과학 연구개발업
1729,KSIC,M7020,KSIC CODE,인문 및 사회과학 연구개발업
1730,KSIC,M70201,KSIC CODE,경제 및 경영학 연구개발업
1731,KSIC,M70209,KSIC CODE,기타 인문 및 사회과학 연구개발업
