﻿,산업분류 구분,산업분류코드,산업분류 구분명,산업분류명
1571,KSIC,J59,KSIC CODE,영상ㆍ오디오 기록물 제작 및 배급업
1572,KSIC,J591,KSIC CODE,"영화, 비디오물, 방송 프로그램 제작 및 배급업"
1573,KSIC,J59100,KSIC CODE,"영화, 비디오물, 방송 프로그램 제작 및 배급업"
1574,KSIC,J5911,KSIC CODE,"영화, 비디오물 및 방송 프로그램 제작업"
1575,KSIC,J59111,KSIC CODE,일반 영화 및 비디오물 제작업
1576,KSIC,J59112,KSIC CODE,애니메이션 영화 및 비디오물 제작업
1577,KSIC,J59113,KSIC CODE,광고 영화 및 비디오물 제작업
1578,KSIC,J59114,KSIC CODE,방송 프로그램 제작업
1579,KSIC,J5912,KSIC CODE,"영화, 비디오물 및 방송 프로그램 제작 관련 서비스업"
1580,KSIC,J59120,KSIC CODE,"영화, 비디오물 및 방송 프로그램 제작 관련 서비스업"
1581,KSIC,J5913,KSIC CODE,"영화, 비디오물 및 방송 프로그램 배급업"
1582,KSIC,J59130,KSIC CODE,"영화, 비디오물 및 방송 프로그램 배급업"
1583,KSIC,J5914,KSIC CODE,영화 및 비디오물 상영업
1584,KSIC,J59141,KSIC CODE,영화관 운영업
1585,KSIC,J59142,KSIC CODE,비디오물 감상실 운영업
1586,KSIC,J592,KSIC CODE,오디오물 출판 및 원판 녹음업
1587,KSIC,J5920,KSIC CODE,오디오물 출판 및 원판 녹음업
1588,KSIC,J59201,KSIC CODE,음악 및 기타 오디오물 출판업
1589,KSIC,J59202,KSIC CODE,녹음시설 운영업
