﻿,산업분류 구분,산업분류코드,산업분류 구분명,산업분류명
1601,KSIC,J61,KSIC CODE,우편 및 통신업
1602,KSIC,J611,KSIC CODE,공영 우편업
1603,KSIC,J6110,KSIC CODE,공영 우편업
1604,KSIC,J61100,KSIC CODE,공영 우편업
1605,KSIC,J612,KSIC CODE,전기 통신업
1606,KSIC,J61200,KSIC CODE,전기 통신업
1607,KSIC,J6121,KSIC CODE,유선 통신업
1608,KSIC,J61210,KSIC CODE,유선 통신업
1609,KSIC,J6122,KSIC CODE,무선 및 위성 통신업
1610,KSIC,J61220,KSIC CODE,무선 및 위성 통신업
1611,KSIC,J6129,KSIC CODE,기타 전기 통신업
1612,KSIC,J61291,KSIC CODE,통신 재판매업
1613,KSIC,J61299,KSIC CODE,그 외 기타 전기 통신업
