﻿,산업분류 구분,산업분류코드,산업분류 구분명,산업분류명
1146,KSIC,G45,KSIC CODE,자동차 및 부품 판매업
1147,KSIC,G451,KSIC CODE,자동차 판매업
1148,KSIC,G4511,KSIC CODE,자동차 신품 판매업
1149,KSIC,G45110,KSIC CODE,자동차 신품 판매업
1150,KSIC,G4512,KSIC CODE,중고 자동차 판매업
1151,KSIC,G45120,KSIC CODE,중고 자동차 판매업
1152,KSIC,G452,KSIC CODE,자동차 부품 및 내장품 판매업
1153,KSIC,G4521,KSIC CODE,자동차 신품 부품 및 내장품 판매업
1154,KSIC,G45210,KSIC CODE,자동차 신품 부품 및 내장품 판매업
1155,KSIC,G45211,KSIC CODE,자동차 신품 타이어 및 튜브 판매업
1156,KSIC,G45212,KSIC CODE,자동차용 전용 신품 부품 판매업
1157,KSIC,G45213,KSIC CODE,자동차 내장용 신품 전기ㆍ전자ㆍ정밀기기 판매업
1158,KSIC,G45219,KSIC CODE,기타 자동차 신품 부품 및 내장품 판매업
1159,KSIC,G4522,KSIC CODE,자동차 중고 부품 및 내장품 판매업
1160,KSIC,G45220,KSIC CODE,자동차 중고 부품 및 내장품 판매업
1161,KSIC,G453,KSIC CODE,모터사이클 및 부품 판매업
1162,KSIC,G4530,KSIC CODE,모터사이클 및 부품 판매업
1163,KSIC,G45301,KSIC CODE,모터사이클 및 부품 도매업
1164,KSIC,G45302,KSIC CODE,모터사이클 및 부품 소매업
