﻿,산업분류 구분,산업분류코드,산업분류 구분명,산업분류명
1732,KSIC,M71,KSIC CODE,전문 서비스업
1733,KSIC,M711,KSIC CODE,법무관련 서비스업
1734,KSIC,M7110,KSIC CODE,법무관련 서비스업
1735,KSIC,M71101,KSIC CODE,변호사업
1736,KSIC,M71102,KSIC CODE,변리사업
1737,KSIC,M71103,KSIC CODE,법무사업
1738,KSIC,M71109,KSIC CODE,기타 법무관련 서비스업
1739,KSIC,M712,KSIC CODE,회계 및 세무관련 서비스업
1740,KSIC,M7120,KSIC CODE,회계 및 세무관련 서비스업
1741,KSIC,M71201,KSIC CODE,공인회계사업
1742,KSIC,M71202,KSIC CODE,세무사업
1743,KSIC,M71209,KSIC CODE,기타 회계 관련 서비스업
1744,KSIC,M713,KSIC CODE,광고업
1745,KSIC,M7131,KSIC CODE,광고 대행업
1746,KSIC,M71310,KSIC CODE,광고 대행업
1747,KSIC,M7139,KSIC CODE,기타 광고업
1748,KSIC,M71391,KSIC CODE,옥외 및 전시 광고업
1749,KSIC,M71392,KSIC CODE,광고 매체 판매업
1750,KSIC,M71393,KSIC CODE,"광고물 문안, 도안, 설계 등 작성업"
1751,KSIC,M71399,KSIC CODE,그 외 기타 광고 관련 서비스업
1752,KSIC,M714,KSIC CODE,시장 조사 및 여론 조사업
1753,KSIC,M7140,KSIC CODE,시장 조사 및 여론 조사업
1754,KSIC,M71400,KSIC CODE,시장 조사 및 여론 조사업
1755,KSIC,M715,KSIC CODE,회사 본부 및 경영 컨설팅 서비스업
1756,KSIC,M7151,KSIC CODE,회사 본부
1757,KSIC,M71511,KSIC CODE,제조업 회사 본부
1758,KSIC,M71519,KSIC CODE,기타 산업 회사본부
1759,KSIC,M7153,KSIC CODE,경영 컨설팅 및 공공 관계 서비스업
1760,KSIC,M71531,KSIC CODE,경영 컨설팅업
1761,KSIC,M71532,KSIC CODE,공공관계 서비스업
1762,KSIC,M716,KSIC CODE,기타 전문 서비스업
1763,KSIC,M7160,KSIC CODE,기타 전문 서비스업
1764,KSIC,M71600,KSIC CODE,기타 전문 서비스업
