﻿,산업분류 구분,산업분류코드,산업분류 구분명,산업분류명
1517,KSIC,I56,KSIC CODE,음식점 및 주점업
1518,KSIC,I561,KSIC CODE,음식점업
1519,KSIC,I5611,KSIC CODE,한식 음식점업
1520,KSIC,I56111,KSIC CODE,한식 일반 음식점업
1521,KSIC,I56112,KSIC CODE,한식 면 요리 전문점
1522,KSIC,I56113,KSIC CODE,한식 육류 요리 전문점
1523,KSIC,I56114,KSIC CODE,한식 해산물 요리 전문점
1524,KSIC,I5612,KSIC CODE,외국식 음식점업
1525,KSIC,I56121,KSIC CODE,중식 음식점업
1526,KSIC,I56122,KSIC CODE,일식 음식점업
1527,KSIC,I56123,KSIC CODE,서양식 음식점업
1528,KSIC,I56129,KSIC CODE,기타 외국식 음식점업
1529,KSIC,I5613,KSIC CODE,기관 구내식당업
1530,KSIC,I56130,KSIC CODE,기관 구내식당업
1531,KSIC,I5614,KSIC CODE,출장 및 이동 음식점업
1532,KSIC,I56141,KSIC CODE,출장 음식 서비스업
1533,KSIC,I56142,KSIC CODE,이동 음식점업
1534,KSIC,I5619,KSIC CODE,기타 간이 음식점업
1535,KSIC,I56191,KSIC CODE,제과점업
1536,KSIC,I56192,KSIC CODE,"피자, 햄버거, 샌드위치 및 유사 음식점업"
1537,KSIC,I56193,KSIC CODE,치킨 전문점
1538,KSIC,I56194,KSIC CODE,김밥 및 기타 간이 음식점업
1539,KSIC,I56199,KSIC CODE,간이 음식 포장 판매 전문점
1540,KSIC,I562,KSIC CODE,주점 및 비알코올 음료점업
1541,KSIC,I5621,KSIC CODE,주점업
1542,KSIC,I56211,KSIC CODE,일반 유흥 주점업
1543,KSIC,I56212,KSIC CODE,무도 유흥 주점업
1544,KSIC,I56213,KSIC CODE,생맥주 전문점
1545,KSIC,I56219,KSIC CODE,기타 주점업
1546,KSIC,I5622,KSIC CODE,비알코올 음료점업
1547,KSIC,I56221,KSIC CODE,커피 전문점
1548,KSIC,I56229,KSIC CODE,기타 비알코올 음료점업
1549,KSIC,J,KSIC CODE,정보통신업(58~63)
