﻿,산업분류 구분,산업분류코드,산업분류 구분명,산업분류명
471,KSIC,C21,KSIC CODE,의료용 물질 및 의약품 제조업
472,KSIC,C211,KSIC CODE,기초 의약 물질 및 생물학적 제제 제조업
473,KSIC,C2110,KSIC CODE,기초 의약 물질 및 생물학적 제제 제조업
474,KSIC,C21101,KSIC CODE,의약용 화합물 및 항생물질 제조업
475,KSIC,C21102,KSIC CODE,생물학적 제제 제조업
476,KSIC,C212,KSIC CODE,의약품 제조업
477,KSIC,C2121,KSIC CODE,완제 의약품 제조업
478,KSIC,C21210,KSIC CODE,완제 의약품 제조업
479,KSIC,C2122,KSIC CODE,한의약품 제조업
480,KSIC,C21220,KSIC CODE,한의약품 제조업
481,KSIC,C2123,KSIC CODE,동물용 의약품 제조업
482,KSIC,C21230,KSIC CODE,동물용 의약품 제조업
483,KSIC,C213,KSIC CODE,의료용품 및 기타 의약 관련제품 제조업
484,KSIC,C2130,KSIC CODE,의료용품 및 기타 의약 관련제품 제조업
485,KSIC,C21300,KSIC CODE,의료용품 및 기타 의약 관련제품 제조업
