﻿,산업분류 구분,산업분류코드,산업분류 구분명,산업분류명
670,KSIC,C26,KSIC CODE,"전자 부품, 컴퓨터, 영상, 음향 및 통신장비 제조업"
671,KSIC,C261,KSIC CODE,반도체 제조업
672,KSIC,C26100,KSIC CODE,반도체 제조업
673,KSIC,C2611,KSIC CODE,전자집적회로 제조업
674,KSIC,C26110,KSIC CODE,전자집적회로 제조업
675,KSIC,C26111,KSIC CODE,메모리용 전자집적회로 제조업
676,KSIC,C26112,KSIC CODE,비메모리용 및 기타 전자집적회로 제조업
677,KSIC,C2612,KSIC CODE,"다이오드, 트랜지스터 및 유사 반도체 소자 제조업"
678,KSIC,C26120,KSIC CODE,"다이오드, 트랜지스터 및 유사 반도체 소자 제조업"
679,KSIC,C26121,KSIC CODE,발광 다이오드 제조업
680,KSIC,C26129,KSIC CODE,기타 반도체 소자 제조업
681,KSIC,C262,KSIC CODE,전자 부품 제조업
682,KSIC,C26200,KSIC CODE,전자 부품 제조업
683,KSIC,C2621,KSIC CODE,표시장치 제조업
684,KSIC,C26211,KSIC CODE,액정 표시장치 제조업
685,KSIC,C26212,KSIC CODE,유기 발광 표시장치 제조업
686,KSIC,C26219,KSIC CODE,기타 표시장치 제조업
687,KSIC,C2622,KSIC CODE,인쇄회로기판 및 전자부품 실장기판 제조업
688,KSIC,C26221,KSIC CODE,인쇄회로기판용 적층판 제조업
689,KSIC,C26222,KSIC CODE,경성 인쇄회로기판 제조업
690,KSIC,C26223,KSIC CODE,연성 및 기타 인쇄회로기판 제조업
691,KSIC,C26224,KSIC CODE,전자 부품 실장기판 제조업
692,KSIC,C2629,KSIC CODE,기타 전자 부품 제조업
693,KSIC,C26290,KSIC CODE,기타 전자 부품 제조업
694,KSIC,C26291,KSIC CODE,전자 축전기 제조업
695,KSIC,C26292,KSIC CODE,전자 저항기 제조업
696,KSIC,C26293,KSIC CODE,전자카드 제조업
697,KSIC,C26294,KSIC CODE,"전자코일, 변성기 및 기타 전자 유도자 제조업"
698,KSIC,C26295,KSIC CODE,전자 감지장치 제조업
699,KSIC,C26299,KSIC CODE,그 외 기타 전자 부품 제조업
700,KSIC,C263,KSIC CODE,컴퓨터 및 주변 장치 제조업
701,KSIC,C2631,KSIC CODE,컴퓨터 제조업
702,KSIC,C26310,KSIC CODE,컴퓨터 제조업
703,KSIC,C2632,KSIC CODE,기억 장치 및 주변 기기 제조업
704,KSIC,C26320,KSIC CODE,기억 장치 및 주변 기기 제조업
705,KSIC,C26321,KSIC CODE,기억 장치 제조업
706,KSIC,C26322,KSIC CODE,컴퓨터 모니터 제조업
707,KSIC,C26323,KSIC CODE,컴퓨터 프린터 제조업
708,KSIC,C26329,KSIC CODE,기타 주변 기기 제조업
709,KSIC,C264,KSIC CODE,통신 및 방송장비 제조업
710,KSIC,C26400,KSIC CODE,통신 및 방송장비 제조업
711,KSIC,C2641,KSIC CODE,유선 통신장비 제조업
712,KSIC,C26410,KSIC CODE,유선 통신장비 제조업
713,KSIC,C2642,KSIC CODE,방송 및 무선 통신장비 제조업
714,KSIC,C26420,KSIC CODE,방송 및 무선 통신장비 제조업
715,KSIC,C26421,KSIC CODE,방송장비 제조업
716,KSIC,C26422,KSIC CODE,이동 전화기 제조업
717,KSIC,C26429,KSIC CODE,기타 무선 통신장비 제조업
718,KSIC,C265,KSIC CODE,영상 및 음향 기기 제조업
719,KSIC,C26500,KSIC CODE,영상 및 음향 기기 제조업
720,KSIC,C2651,KSIC CODE,"텔레비전, 비디오 및 기타 영상 기기 제조업"
721,KSIC,C26511,KSIC CODE,텔레비전 제조업
722,KSIC,C26519,KSIC CODE,비디오 및 기타 영상 기기 제조업
723,KSIC,C2652,KSIC CODE,"오디오, 스피커 및 기타 음향 기기 제조업"
724,KSIC,C26521,KSIC CODE,"라디오, 녹음 및 재생 기기 제조업"
725,KSIC,C26529,KSIC CODE,기타 음향기기 제조업
726,KSIC,C266,KSIC CODE,마그네틱 및 광학 매체 제조업
727,KSIC,C2660,KSIC CODE,마그네틱 및 광학 매체 제조업
728,KSIC,C26600,KSIC CODE,마그네틱 및 광학 매체 제조업
