﻿,산업분류 구분,산업분류코드,산업분류 구분명,산업분류명
239,KSIC,C11,KSIC CODE,음료 제조업
240,KSIC,C111,KSIC CODE,알코올 음료 제조업
241,KSIC,C1111,KSIC CODE,발효주 제조업
242,KSIC,C11111,KSIC CODE,탁주 및 약주 제조업
243,KSIC,C11112,KSIC CODE,맥아 및 맥주 제조업
244,KSIC,C11119,KSIC CODE,기타 발효주 제조업
245,KSIC,C1112,KSIC CODE,증류주 및 합성주 제조업
246,KSIC,C11121,KSIC CODE,주정 제조업
247,KSIC,C11122,KSIC CODE,소주 제조업
248,KSIC,C11129,KSIC CODE,기타 증류주 및 합성주 제조업
249,KSIC,C112,KSIC CODE,비알코올 음료 및 얼음 제조업
250,KSIC,C1120,KSIC CODE,비알코올 음료 및 얼음 제조업
251,KSIC,C11201,KSIC CODE,얼음 제조업
252,KSIC,C11202,KSIC CODE,생수 생산업
253,KSIC,C11209,KSIC CODE,기타 비알코올 음료 제조업
