﻿,산업분류 구분,산업분류코드,산업분류 구분명,산업분류명
1005,KSIC,D35,KSIC CODE,"전기, 가스, 증기 및 공기 조절 공급업"
1006,KSIC,D351,KSIC CODE,전기업
1007,KSIC,D3511,KSIC CODE,발전업
1008,KSIC,D35111,KSIC CODE,원자력 발전업
1009,KSIC,D35112,KSIC CODE,수력 발전업
1010,KSIC,D35113,KSIC CODE,화력 발전업
1011,KSIC,D35114,KSIC CODE,태양력 발전업
1012,KSIC,D35119,KSIC CODE,기타 발전업
1013,KSIC,D3512,KSIC CODE,송전 및 배전업
1014,KSIC,D35120,KSIC CODE,송전 및 배전업
1015,KSIC,D3513,KSIC CODE,전기 판매업
1016,KSIC,D35130,KSIC CODE,전기 판매업
1017,KSIC,D352,KSIC CODE,연료용 가스 제조 및 배관공급업
1018,KSIC,D3520,KSIC CODE,연료용 가스 제조 및 배관공급업
1019,KSIC,D35200,KSIC CODE,연료용 가스 제조 및 배관공급업
1020,KSIC,D353,KSIC CODE,"증기, 냉ㆍ온수 및 공기 조절 공급업"
1021,KSIC,D3530,KSIC CODE,"증기, 냉ㆍ온수 및 공기 조절 공급업"
1022,KSIC,D35300,KSIC CODE,"증기, 냉ㆍ온수 및 공기 조절 공급업"
1023,KSIC,E,KSIC CODE,"수도, 하수 및 폐기물 처리, 원료 재생업(36~39)"
