﻿,산업분류 구분,산업분류코드,산업분류 구분명,산업분류명
1094,KSIC,F42,KSIC CODE,전문직별 공사업
1095,KSIC,F421,KSIC CODE,기반조성 및 시설물 축조관련 전문공사업
1096,KSIC,F4211,KSIC CODE,건물 및 구축물 해체 공사업
1097,KSIC,F42110,KSIC CODE,건물 및 구축물 해체 공사업
1098,KSIC,F4212,KSIC CODE,기반조성 관련 전문공사업
1099,KSIC,F42120,KSIC CODE,기반조성 관련 전문공사업
1100,KSIC,F42121,KSIC CODE,토공사업
1101,KSIC,F42122,KSIC CODE,"보링, 그라우팅 및 관정 공사업"
1102,KSIC,F42123,KSIC CODE,파일공사 및 축조관련 기초 공사업
1103,KSIC,F42129,KSIC CODE,기타 기반조성 관련 전문공사업
1104,KSIC,F4213,KSIC CODE,시설물 축조 관련 전문공사업
1105,KSIC,F42130,KSIC CODE,시설물 축조 관련 전문공사업
1106,KSIC,F42131,KSIC CODE,철골 및 관련 구조물 공사업
1107,KSIC,F42132,KSIC CODE,콘크리트 및 철근 공사업
1108,KSIC,F42133,KSIC CODE,조적 및 석공사업
1109,KSIC,F42134,KSIC CODE,포장 공사업
1110,KSIC,F42135,KSIC CODE,철도 궤도 전문공사업
1111,KSIC,F42136,KSIC CODE,수중 공사업
1112,KSIC,F42137,KSIC CODE,비계 및 형틀 공사업
1113,KSIC,F42138,KSIC CODE,"지붕, 내ㆍ외벽 축조 관련 전문공사업"
1114,KSIC,F42139,KSIC CODE,기타 옥외 시설물 축조관련 전문공사업
1115,KSIC,F422,KSIC CODE,건물설비 설치 공사업
1116,KSIC,F4220,KSIC CODE,건물설비 설치 공사업
1117,KSIC,F42201,KSIC CODE,배관 및 냉ㆍ난방 공사업
1118,KSIC,F42202,KSIC CODE,건물용 기계ㆍ장비 설치 공사업
1119,KSIC,F42203,KSIC CODE,"방음, 방진 및 내화 공사업"
1120,KSIC,F42204,KSIC CODE,소방시설 공사업
1121,KSIC,F42209,KSIC CODE,기타 건물 관련설비 설치 공사업
1122,KSIC,F423,KSIC CODE,전기 및 통신 공사업
1123,KSIC,F4231,KSIC CODE,전기 공사업
1124,KSIC,F42311,KSIC CODE,일반 전기 공사업
1125,KSIC,F42312,KSIC CODE,내부 전기배선 공사업
1126,KSIC,F4232,KSIC CODE,통신 공사업
1127,KSIC,F42321,KSIC CODE,일반 통신 공사업
1128,KSIC,F42322,KSIC CODE,내부 통신배선 공사업
1129,KSIC,F424,KSIC CODE,실내건축 및 건축마무리 공사업
1130,KSIC,F4241,KSIC CODE,"도장, 도배 및 내장 공사업"
1131,KSIC,F42411,KSIC CODE,도장 공사업
1132,KSIC,F42412,KSIC CODE,"도배, 실내 장식 및 내장 목공사업"
1133,KSIC,F4242,KSIC CODE,유리 및 창호 공사업
1134,KSIC,F42420,KSIC CODE,유리 및 창호 공사업
1135,KSIC,F4249,KSIC CODE,기타 건축 마무리 공사업
1136,KSIC,F42491,KSIC CODE,"미장, 타일 및 방수 공사업"
1137,KSIC,F42492,KSIC CODE,건물용 금속 공작물 설치 공사업
1138,KSIC,F42499,KSIC CODE,그 외 기타 건축 마무리 공사업
1139,KSIC,F425,KSIC CODE,시설물 유지관리 공사업
1140,KSIC,F4250,KSIC CODE,시설물 유지관리 공사업
1141,KSIC,F42500,KSIC CODE,시설물 유지관리 공사업
1142,KSIC,F426,KSIC CODE,건설장비 운영업
1143,KSIC,F4260,KSIC CODE,건설장비 운영업
1144,KSIC,F42600,KSIC CODE,건설장비 운영업
1145,KSIC,G,KSIC CODE,도매 및 소매업(45~47)
