﻿,산업분류 구분,산업분류코드,산업분류 구분명,산업분류명
396,KSIC,C18,KSIC CODE,인쇄 및 기록매체 복제업
397,KSIC,C181,KSIC CODE,인쇄 및 인쇄관련 산업
398,KSIC,C1811,KSIC CODE,인쇄업
399,KSIC,C18111,KSIC CODE,경 인쇄업
400,KSIC,C18112,KSIC CODE,스크린 인쇄업
401,KSIC,C18113,KSIC CODE,오프셋 인쇄업
402,KSIC,C18119,KSIC CODE,기타 인쇄업
403,KSIC,C1812,KSIC CODE,인쇄관련 산업
404,KSIC,C18121,KSIC CODE,제판 및 조판업
405,KSIC,C18122,KSIC CODE,제책업
406,KSIC,C18129,KSIC CODE,기타 인쇄관련 산업
407,KSIC,C182,KSIC CODE,기록매체 복제업
408,KSIC,C1820,KSIC CODE,기록매체 복제업
409,KSIC,C18200,KSIC CODE,기록매체 복제업
