﻿,산업분류 구분,산업분류코드,산업분류 구분명,산업분류명
1852,KSIC,N76,KSIC CODE,임대업; 부동산 제외
1853,KSIC,N761,KSIC CODE,운송장비 임대업
1854,KSIC,N7611,KSIC CODE,자동차 임대업
1855,KSIC,N76110,KSIC CODE,자동차 임대업
1856,KSIC,N7619,KSIC CODE,기타 운송장비 임대업
1857,KSIC,N76190,KSIC CODE,기타 운송장비 임대업
1858,KSIC,N762,KSIC CODE,개인 및 가정용품 임대업
1859,KSIC,N7621,KSIC CODE,스포츠 및 레크리에이션 용품 임대업
1860,KSIC,N76210,KSIC CODE,스포츠 및 레크리에이션 용품 임대업
1861,KSIC,N7622,KSIC CODE,음반 및 비디오물 임대업
1862,KSIC,N76220,KSIC CODE,음반 및 비디오물 임대업
1863,KSIC,N7629,KSIC CODE,기타 개인 및 가정용품 임대업
1864,KSIC,N76291,KSIC CODE,서적 임대업
1865,KSIC,N76292,KSIC CODE,의류 임대업
1866,KSIC,N76299,KSIC CODE,그 외 기타 개인 및 가정용품 임대업
1867,KSIC,N763,KSIC CODE,산업용 기계 및 장비 임대업
1868,KSIC,N76300,KSIC CODE,산업용 기계 및 장비 임대업
1869,KSIC,N7631,KSIC CODE,건설 및 토목공사용 기계ㆍ장비 임대업
1870,KSIC,N76310,KSIC CODE,건설 및 토목공사용 기계ㆍ장비 임대업
1871,KSIC,N7632,KSIC CODE,컴퓨터 및 사무용 기계ㆍ장비 임대업
1872,KSIC,N76320,KSIC CODE,컴퓨터 및 사무용 기계ㆍ장비 임대업
1873,KSIC,N7639,KSIC CODE,기타 산업용 기계 및 장비 임대업
1874,KSIC,N76390,KSIC CODE,기타 산업용 기계 및 장비 임대업
1875,KSIC,N764,KSIC CODE,무형 재산권 임대업
1876,KSIC,N7640,KSIC CODE,무형 재산권 임대업
1877,KSIC,N76400,KSIC CODE,무형 재산권 임대업
1878,KSIC,O,KSIC CODE,"공공 행정, 국방 및 사회보장 행정(84)"
