﻿,산업분류 구분,산업분류코드,산업분류 구분명,산업분류명
303,KSIC,C14,KSIC CODE,"의복, 의복 액세서리 및 모피제품 제조업"
304,KSIC,C141,KSIC CODE,봉제의복 제조업
305,KSIC,C1411,KSIC CODE,겉옷 제조업
306,KSIC,C14111,KSIC CODE,남자용 겉옷 제조업
307,KSIC,C14112,KSIC CODE,여자용 겉옷 제조업
308,KSIC,C1412,KSIC CODE,속옷 및 잠옷 제조업
309,KSIC,C14120,KSIC CODE,속옷 및 잠옷 제조업
310,KSIC,C1413,KSIC CODE,한복 제조업
311,KSIC,C14130,KSIC CODE,한복 제조업
312,KSIC,C1419,KSIC CODE,기타 봉제의복 제조업
313,KSIC,C14191,KSIC CODE,셔츠 및 블라우스 제조업
314,KSIC,C14192,KSIC CODE,"근무복, 작업복 및 유사 의복 제조업"
315,KSIC,C14193,KSIC CODE,가죽의복 제조업
316,KSIC,C14194,KSIC CODE,유아용 의복 제조업
317,KSIC,C14199,KSIC CODE,그 외 기타 봉제의복 제조업
318,KSIC,C142,KSIC CODE,모피제품 제조업
319,KSIC,C1420,KSIC CODE,모피제품 제조업
320,KSIC,C14200,KSIC CODE,모피제품 제조업
321,KSIC,C143,KSIC CODE,편조의복 제조업
322,KSIC,C1430,KSIC CODE,편조의복 제조업
323,KSIC,C14300,KSIC CODE,편조의복 제조업
324,KSIC,C144,KSIC CODE,의복 액세서리 제조업
325,KSIC,C1441,KSIC CODE,편조 의복 액세서리 제조업
326,KSIC,C14411,KSIC CODE,스타킹 및 기타양말 제조업
327,KSIC,C14419,KSIC CODE,기타 편조 의복 액세서리 제조업
328,KSIC,C1449,KSIC CODE,기타 의복 액세서리 제조업
329,KSIC,C14491,KSIC CODE,모자 제조업
330,KSIC,C14499,KSIC CODE,그 외 기타 의복 액세서리 제조업
