﻿,산업분류 구분,산업분류코드,산업분류 구분명,산업분류명
1421,KSIC,H49,KSIC CODE,육상 운송 및 파이프라인 운송업
1422,KSIC,H491,KSIC CODE,철도 운송업
1423,KSIC,H4910,KSIC CODE,철도 운송업
1424,KSIC,H49101,KSIC CODE,철도 여객 운송업
1425,KSIC,H49102,KSIC CODE,철도 화물 운송업
1426,KSIC,H492,KSIC CODE,육상 여객 운송업
1427,KSIC,H4921,KSIC CODE,도시 정기 육상 여객 운송업
1428,KSIC,H49211,KSIC CODE,도시철도 운송업
1429,KSIC,H49212,KSIC CODE,시내버스 운송업
1430,KSIC,H49219,KSIC CODE,기타 도시 정기 육상 여객 운송업
1431,KSIC,H4922,KSIC CODE,시외버스 운송업
1432,KSIC,H49220,KSIC CODE,시외버스 운송업
1433,KSIC,H4923,KSIC CODE,부정기 육상 여객 운송업
1434,KSIC,H49231,KSIC CODE,택시 운송업
1435,KSIC,H49232,KSIC CODE,전세버스 운송업
1436,KSIC,H49233,KSIC CODE,특수 여객 자동차 운송업
1437,KSIC,H49239,KSIC CODE,기타 부정기 여객 육상 운송업
1438,KSIC,H493,KSIC CODE,도로 화물 운송업
1439,KSIC,H4930,KSIC CODE,도로 화물 운송업
1440,KSIC,H49300,KSIC CODE,도로 화물 운송업
1441,KSIC,H49301,KSIC CODE,일반 화물 자동차 운송업
1442,KSIC,H49302,KSIC CODE,용달 화물 자동차 운송업
1443,KSIC,H49303,KSIC CODE,개별 화물 자동차 운송업
1444,KSIC,H49309,KSIC CODE,기타 도로 화물 운송업
1445,KSIC,H494,KSIC CODE,소화물 전문 운송업
1446,KSIC,H4940,KSIC CODE,소화물 전문 운송업
1447,KSIC,H49401,KSIC CODE,택배업
1448,KSIC,H49402,KSIC CODE,늘찬 배달업
1449,KSIC,H495,KSIC CODE,파이프라인 운송업
1450,KSIC,H4950,KSIC CODE,파이프라인 운송업
1451,KSIC,H49500,KSIC CODE,파이프라인 운송업
