﻿,산업분류 구분,산업분류코드,산업분류 구분명,산업분류명
883,KSIC,C30,KSIC CODE,자동차 및 트레일러 제조업
884,KSIC,C301,KSIC CODE,자동차용 엔진 및 자동차 제조업
885,KSIC,C3011,KSIC CODE,자동차용 엔진 제조업
886,KSIC,C30110,KSIC CODE,자동차용 엔진 제조업
887,KSIC,C3012,KSIC CODE,자동차 제조업
888,KSIC,C30121,KSIC CODE,승용차 및 기타 여객용 자동차 제조업
889,KSIC,C30122,KSIC CODE,화물 자동차 및 특수 목적용 자동차 제조업
890,KSIC,C302,KSIC CODE,자동차 차체 및 트레일러 제조업
891,KSIC,C3020,KSIC CODE,자동차 차체 및 트레일러 제조업
892,KSIC,C30200,KSIC CODE,자동차 차체 및 트레일러 제조업
893,KSIC,C30201,KSIC CODE,차체 및 특장차 제조업
894,KSIC,C30202,KSIC CODE,자동차 구조 및 장치 변경업
895,KSIC,C30203,KSIC CODE,트레일러 및 세미 트레일러 제조업
896,KSIC,C303,KSIC CODE,자동차 신품 부품 제조업
897,KSIC,C30300,KSIC CODE,자동차 신품 부품 제조업
898,KSIC,C3031,KSIC CODE,자동차 엔진용 신품 부품 제조업
899,KSIC,C30310,KSIC CODE,자동차 엔진용 신품 부품 제조업
900,KSIC,C3032,KSIC CODE,자동차 차체용 신품 부품 제조업
901,KSIC,C30320,KSIC CODE,자동차 차체용 신품 부품 제조업
902,KSIC,C3033,KSIC CODE,자동차용 신품 동력 전달장치 및 전기장치 제조업
903,KSIC,C30331,KSIC CODE,자동차용 신품 동력 전달장치 제조업
904,KSIC,C30332,KSIC CODE,자동차용 신품 전기장치 제조업
905,KSIC,C3039,KSIC CODE,자동차용 기타 신품 부품 제조업
906,KSIC,C30390,KSIC CODE,자동차용 기타 신품 부품 제조업
907,KSIC,C30391,KSIC CODE,자동차용 신품 조향장치 및 현가장치 제조업
908,KSIC,C30392,KSIC CODE,자동차용 신품 제동장치 제조업
909,KSIC,C30393,KSIC CODE,자동차용 신품 의자 제조업
910,KSIC,C30399,KSIC CODE,그 외 자동차용 신품 부품 제조업
911,KSIC,C304,KSIC CODE,자동차 재제조 부품 제조업
912,KSIC,C3040,KSIC CODE,자동차 재제조 부품 제조업
913,KSIC,C30400,KSIC CODE,자동차 재제조 부품 제조업
