﻿,산업분류 구분,산업분류코드,산업분류 구분명,산업분류명
761,KSIC,C28,KSIC CODE,전기장비 제조업
762,KSIC,C281,KSIC CODE,"전동기, 발전기 및 전기 변환ㆍ공급ㆍ제어 장치 제조업"
763,KSIC,C2811,KSIC CODE,"전동기, 발전기 및 전기 변환장치 제조업"
764,KSIC,C28110,KSIC CODE,"전동기, 발전기 및 전기 변환장치 제조업"
765,KSIC,C28111,KSIC CODE,전동기 및 발전기 제조업
766,KSIC,C28112,KSIC CODE,변압기 제조업
767,KSIC,C28113,KSIC CODE,방전 램프용 안정기 제조업
768,KSIC,C28114,KSIC CODE,에너지 저장장치 제조업
769,KSIC,C28119,KSIC CODE,기타 전기 변환장치 제조업
770,KSIC,C2812,KSIC CODE,전기 공급 및 제어장치 제조업
771,KSIC,C28120,KSIC CODE,전기 공급 및 제어장치 제조업
772,KSIC,C28121,KSIC CODE,"전기회로 개폐, 보호 장치 제조업"
773,KSIC,C28122,KSIC CODE,전기회로 접속장치 제조업
774,KSIC,C28123,KSIC CODE,배전반 및 전기 자동제어반 제조업
775,KSIC,C282,KSIC CODE,일차전지 및 축전지 제조업
776,KSIC,C2820,KSIC CODE,일차전지 및 축전지 제조업
777,KSIC,C28201,KSIC CODE,일차전지 제조업
778,KSIC,C28202,KSIC CODE,축전지 제조업
779,KSIC,C283,KSIC CODE,절연선 및 케이블 제조업
780,KSIC,C2830,KSIC CODE,절연선 및 케이블 제조업
781,KSIC,C28301,KSIC CODE,광섬유 케이블 제조업
782,KSIC,C28302,KSIC CODE,기타 절연선 및 케이블 제조업
783,KSIC,C28303,KSIC CODE,절연 코드세트 및 기타 도체 제조업
784,KSIC,C284,KSIC CODE,전구 및 조명장치 제조업
785,KSIC,C28400,KSIC CODE,전구 및 조명장치 제조업
786,KSIC,C2841,KSIC CODE,전구 및 램프 제조업
787,KSIC,C28410,KSIC CODE,전구 및 램프 제조업
788,KSIC,C2842,KSIC CODE,조명장치 제조업
789,KSIC,C28421,KSIC CODE,운송장비용 조명장치 제조업
790,KSIC,C28422,KSIC CODE,일반용 전기 조명장치 제조업
791,KSIC,C28423,KSIC CODE,전시 및 광고용 조명장치 제조업
792,KSIC,C28429,KSIC CODE,기타 조명장치 제조업
793,KSIC,C285,KSIC CODE,가정용 기기 제조업
794,KSIC,C2851,KSIC CODE,가정용 전기 기기 제조업
795,KSIC,C28510,KSIC CODE,가정용 전기 기기 제조업
796,KSIC,C28511,KSIC CODE,주방용 전기 기기 제조업
797,KSIC,C28512,KSIC CODE,가정용 전기 난방기기 제조업
798,KSIC,C28519,KSIC CODE,기타 가정용 전기 기기 제조업
799,KSIC,C2852,KSIC CODE,가정용 비전기식 조리 및 난방 기구 제조업
800,KSIC,C28520,KSIC CODE,가정용 비전기식 조리 및 난방 기구 제조업
801,KSIC,C289,KSIC CODE,기타 전기장비 제조업
802,KSIC,C2890,KSIC CODE,기타 전기장비 제조업
803,KSIC,C28901,KSIC CODE,전기 경보 및 신호장치 제조업
804,KSIC,C28902,KSIC CODE,전기용 탄소제품 및 절연제품 제조업
805,KSIC,C28903,KSIC CODE,교통 신호장치 제조업
806,KSIC,C28909,KSIC CODE,그 외 기타 전기장비 제조업
