﻿,산업분류 구분,산업분류코드,산업분류 구분명,산업분류명
729,KSIC,C27,KSIC CODE,"의료, 정밀, 광학 기기 및 시계 제조업"
730,KSIC,C271,KSIC CODE,의료용 기기 제조업
731,KSIC,C27100,KSIC CODE,의료용 기기 제조업
732,KSIC,C2711,KSIC CODE,방사선 장치 및 전기식 진단 기기 제조업
733,KSIC,C27111,KSIC CODE,방사선 장치 제조업
734,KSIC,C27112,KSIC CODE,전기식 진단 및 요법 기기 제조업
735,KSIC,C2719,KSIC CODE,기타 의료용 기기 제조업
736,KSIC,C27190,KSIC CODE,기타 의료용 기기 제조업
737,KSIC,C27191,KSIC CODE,치과용 기기 제조업
738,KSIC,C27192,KSIC CODE,정형 외과용 및 신체 보정용 기기 제조업
739,KSIC,C27193,KSIC CODE,안경 및 안경렌즈 제조업
740,KSIC,C27194,KSIC CODE,의료용 가구 제조업
741,KSIC,C27199,KSIC CODE,그 외 기타 의료용 기기 제조업
742,KSIC,C272,KSIC CODE,"측정, 시험, 항해, 제어 및 기타 정밀 기기 제조업; 광학 기기 제외"
743,KSIC,C2721,KSIC CODE,"측정, 시험, 항해, 제어 및 기타 정밀 기기 제조업"
744,KSIC,C27210,KSIC CODE,"측정, 시험, 항해, 제어 및 기타 정밀 기기 제조업"
745,KSIC,C27211,KSIC CODE,"레이더, 항행용 무선 기기 및 측량 기구 제조업"
746,KSIC,C27212,KSIC CODE,"전자기 측정, 시험 및 분석 기구 제조업"
747,KSIC,C27213,KSIC CODE,"물질 검사, 측정 및 분석 기구 제조업"
748,KSIC,C27214,KSIC CODE,속도계 및 적산계기 제조업
749,KSIC,C27215,KSIC CODE,기기용 자동 측정 및 제어장치 제조업
750,KSIC,C27216,KSIC CODE,산업 처리공정 제어장비 제조업
751,KSIC,C27219,KSIC CODE,"기타 측정, 시험, 항해, 제어 및 정밀 기기 제조업"
752,KSIC,C273,KSIC CODE,사진장비 및 광학 기기 제조업
753,KSIC,C2730,KSIC CODE,사진장비 및 광학기기 제조업
754,KSIC,C27300,KSIC CODE,사진장비 및 광학기기 제조업
755,KSIC,C27301,KSIC CODE,광학 렌즈 및 광학 요소 제조업
756,KSIC,C27302,KSIC CODE,"사진기, 영사기 및 관련 장비 제조업"
757,KSIC,C27309,KSIC CODE,기타 광학 기기 제조업
758,KSIC,C274,KSIC CODE,시계 및 시계 부품 제조업
759,KSIC,C2740,KSIC CODE,시계 및 시계 부품 제조업
760,KSIC,C27400,KSIC CODE,시계 및 시계 부품 제조업
