﻿,산업분류 구분,산업분류코드,산업분류 구분명,산업분류명
107,KSIC,A02,KSIC CODE,임업
108,KSIC,A020,KSIC CODE,임업
109,KSIC,A0201,KSIC CODE,영림업
110,KSIC,A02011,KSIC CODE,임업용 종묘 생산업
111,KSIC,A02012,KSIC CODE,육림업
112,KSIC,A0202,KSIC CODE,벌목업
113,KSIC,A02020,KSIC CODE,벌목업
114,KSIC,A0203,KSIC CODE,임산물 채취업
115,KSIC,A02030,KSIC CODE,임산물 채취업
116,KSIC,A0204,KSIC CODE,임업 관련 서비스업
117,KSIC,A02040,KSIC CODE,임업 관련 서비스업
