﻿,산업분류 구분,산업분류코드,산업분류 구분명,산업분류명
1474,KSIC,H52,KSIC CODE,창고 및 운송관련 서비스업
1475,KSIC,H521,KSIC CODE,보관 및 창고업
1476,KSIC,H5210,KSIC CODE,보관 및 창고업
1477,KSIC,H52101,KSIC CODE,일반 창고업
1478,KSIC,H52102,KSIC CODE,냉장 및 냉동 창고업
1479,KSIC,H52103,KSIC CODE,농산물 창고업
1480,KSIC,H52104,KSIC CODE,위험 물품 보관업
1481,KSIC,H52109,KSIC CODE,기타 보관 및 창고업
1482,KSIC,H529,KSIC CODE,기타 운송관련 서비스업
1483,KSIC,H5291,KSIC CODE,육상 운송 지원 서비스업
1484,KSIC,H52911,KSIC CODE,철도 운송 지원 서비스업
1485,KSIC,H52912,KSIC CODE,여객 자동차 터미널 운영업
1486,KSIC,H52913,KSIC CODE,물류 터미널 운영업
1487,KSIC,H52914,KSIC CODE,도로 및 관련시설 운영업
1488,KSIC,H52915,KSIC CODE,주차장 운영업
1489,KSIC,H52919,KSIC CODE,기타 육상 운송지원 서비스업
1490,KSIC,H5292,KSIC CODE,수상 운송 지원 서비스업
1491,KSIC,H52921,KSIC CODE,항구 및 기타 해상 터미널 운영업
1492,KSIC,H52929,KSIC CODE,기타 수상 운송 지원 서비스업
1493,KSIC,H5293,KSIC CODE,항공 운송 지원 서비스업
1494,KSIC,H52931,KSIC CODE,공항 운영업
1495,KSIC,H52939,KSIC CODE,기타 항공 운송지원 서비스업
1496,KSIC,H5294,KSIC CODE,화물 취급업
1497,KSIC,H52941,KSIC CODE,항공 및 육상 화물 취급업
1498,KSIC,H52942,KSIC CODE,수상 화물 취급업
1499,KSIC,H5299,KSIC CODE,그 외 기타 운송관련 서비스업
1500,KSIC,H52991,KSIC CODE,통관 대리 및 관련서비스업
1501,KSIC,H52992,KSIC CODE,"화물 운송 중개, 대리 및 관련 서비스업"
1502,KSIC,H52993,KSIC CODE,"화물 포장, 검수 및 계량 서비스업"
1503,KSIC,H52999,KSIC CODE,그 외 기타 분류 안된 운송관련 서비스업
1504,KSIC,I,KSIC CODE,숙박 및 음식점업(55~56)
