﻿,산업분류 구분,산업분류코드,산업분류 구분명,산업분류명
2022,KSIC,R90,KSIC CODE,"창작, 예술 및 여가관련 서비스업"
2023,KSIC,R901,KSIC CODE,창작 및 예술관련 서비스업
2024,KSIC,R9011,KSIC CODE,공연시설 운영업
2025,KSIC,R90110,KSIC CODE,공연시설 운영업
2026,KSIC,R9012,KSIC CODE,공연단체
2027,KSIC,R90121,KSIC CODE,연극단체
2028,KSIC,R90122,KSIC CODE,무용 및 음악단체
2029,KSIC,R90123,KSIC CODE,기타 공연단체
2030,KSIC,R9013,KSIC CODE,자영 예술가
2031,KSIC,R90131,KSIC CODE,공연 예술가
2032,KSIC,R90132,KSIC CODE,비공연 예술가
2033,KSIC,R9019,KSIC CODE,기타 창작 및 예술관련 서비스업
2034,KSIC,R90191,KSIC CODE,공연 기획업
2035,KSIC,R90192,KSIC CODE,공연 및 제작관련 대리업
2036,KSIC,R90199,KSIC CODE,그 외 기타 창작 및 예술관련 서비스업
2037,KSIC,R902,KSIC CODE,"도서관, 사적지 및 유사 여가관련 서비스업"
2038,KSIC,R9021,KSIC CODE,"도서관, 기록 보존소 및 독서실 운영업"
2039,KSIC,R90211,KSIC CODE,도서관 및 기록 보존소 운영업
2040,KSIC,R90212,KSIC CODE,독서실 운영업
2041,KSIC,R9022,KSIC CODE,박물관 및 사적지 관리 운영업
2042,KSIC,R90221,KSIC CODE,박물관 운영업
2043,KSIC,R90222,KSIC CODE,사적지 관리 운영업
2044,KSIC,R9023,KSIC CODE,"식물원, 동물원 및 자연공원 운영업"
2045,KSIC,R90231,KSIC CODE,식물원 및 동물원 운영업
2046,KSIC,R90232,KSIC CODE,자연공원 운영업
2047,KSIC,R9029,KSIC CODE,기타 유사 여가관련 서비스업
2048,KSIC,R90290,KSIC CODE,기타 유사 여가관련 서비스업
