﻿,산업분류 구분,산업분류코드,산업분류 구분명,산업분류명
1550,KSIC,J58,KSIC CODE,출판업
1551,KSIC,J581,KSIC CODE,"서적, 잡지 및 기타 인쇄물 출판업"
1552,KSIC,J5811,KSIC CODE,서적 출판업
1553,KSIC,J58111,KSIC CODE,교과서 및 학습 서적 출판업
1554,KSIC,J58112,KSIC CODE,만화 출판업
1555,KSIC,J58113,KSIC CODE,일반 서적 출판업
1556,KSIC,J5812,KSIC CODE,"신문, 잡지 및 정기 간행물 출판업"
1557,KSIC,J58121,KSIC CODE,신문 발행업
1558,KSIC,J58122,KSIC CODE,잡지 및 정기 간행물 발행업
1559,KSIC,J58123,KSIC CODE,정기 광고 간행물 발행업
1560,KSIC,J5819,KSIC CODE,기타 인쇄물 출판업
1561,KSIC,J58190,KSIC CODE,기타 인쇄물 출판업
1562,KSIC,J582,KSIC CODE,소프트웨어 개발 및 공급업
1563,KSIC,J5821,KSIC CODE,게임 소프트웨어 개발 및 공급업
1564,KSIC,J58211,KSIC CODE,유선 온라인 게임 소프트웨어 개발 및 공급업
1565,KSIC,J58212,KSIC CODE,모바일 게임 소프트웨어 개발 및 공급업
1566,KSIC,J58219,KSIC CODE,기타 게임 소프트웨어 개발 및 공급업
1567,KSIC,J5822,KSIC CODE,시스템ㆍ응용 소프트웨어 개발 및 공급업
1568,KSIC,J58220,KSIC CODE,시스템ㆍ응용 소프트웨어 개발 및 공급업
1569,KSIC,J58221,KSIC CODE,시스템 소프트웨어 개발 및 공급업
1570,KSIC,J58222,KSIC CODE,응용 소프트웨어 개발 및 공급업
