﻿,산업분류 구분,산업분류코드,산업분류 구분명,산업분류명
2165,KSIC,T98,KSIC CODE,달리 분류되지 않은 자가 소비를 위한 가구의 재화 및 서비스 생산활동
2166,KSIC,T981,KSIC CODE,자가 소비를 위한 가사 생산 활동
2167,KSIC,T9810,KSIC CODE,자가 소비를 위한 가사 생산 활동
2168,KSIC,T98100,KSIC CODE,자가 소비를 위한 가사 생산 활동
2169,KSIC,T982,KSIC CODE,자가 소비를 위한 가사 서비스 활동
2170,KSIC,T9820,KSIC CODE,자가 소비를 위한 가사 서비스 활동
2171,KSIC,T98200,KSIC CODE,자가 소비를 위한 가사 서비스 활동
2172,KSIC,U,KSIC CODE,국제 및 외국기관(99)
