﻿,산업분류 구분,산업분류코드,산업분류 구분명,산업분류명
1624,KSIC,J63,KSIC CODE,정보서비스업
1625,KSIC,J631,KSIC CODE,"자료 처리, 호스팅, 포털 및 기타 인터넷 정보 매개 서비스업"
1626,KSIC,J6311,KSIC CODE,"자료 처리, 호스팅 및 관련 서비스업"
1627,KSIC,J63111,KSIC CODE,자료 처리업
1628,KSIC,J63112,KSIC CODE,호스팅 및 관련 서비스업
1629,KSIC,J6312,KSIC CODE,포털 및 기타 인터넷 정보 매개 서비스업
1630,KSIC,J63120,KSIC CODE,포털 및 기타 인터넷 정보 매개 서비스업
1631,KSIC,J639,KSIC CODE,기타 정보 서비스업
1632,KSIC,J6391,KSIC CODE,뉴스 제공업
1633,KSIC,J63910,KSIC CODE,뉴스 제공업
1634,KSIC,J6399,KSIC CODE,그 외 기타 정보 서비스업
1635,KSIC,J63991,KSIC CODE,데이터베이스 및 온라인 정보 제공업
1636,KSIC,J63999,KSIC CODE,그 외 기타 정보 서비스업
1637,KSIC,K,KSIC CODE,금융 및 보험업(64~66)
