﻿,산업분류 구분,산업분류코드,산업분류 구분명,산업분류명
1069,KSIC,F41,KSIC CODE,종합 건설업
1070,KSIC,F41000,KSIC CODE,종합 건설업
1071,KSIC,F411,KSIC CODE,건물 건설업
1072,KSIC,F41100,KSIC CODE,건물 건설업
1073,KSIC,F4111,KSIC CODE,주거용 건물 건설업
1074,KSIC,F41110,KSIC CODE,주거용 건물 건설업
1075,KSIC,F41111,KSIC CODE,단독 주택 건설업
1076,KSIC,F41112,KSIC CODE,아파트 건설업
1077,KSIC,F41119,KSIC CODE,기타 공동 주택 건설업
1078,KSIC,F4112,KSIC CODE,비주거용 건물 건설업
1079,KSIC,F41121,KSIC CODE,사무ㆍ상업용 및 공공기관용 건물 건설업
1080,KSIC,F41122,KSIC CODE,제조업 및 유사 산업용 건물 건설업
1081,KSIC,F41129,KSIC CODE,기타 비주거용 건물 건설업
1082,KSIC,F412,KSIC CODE,토목 건설업
1083,KSIC,F4121,KSIC CODE,지반조성 건설업
1084,KSIC,F41210,KSIC CODE,지반조성 건설업
1085,KSIC,F4122,KSIC CODE,토목 시설물 건설업
1086,KSIC,F41220,KSIC CODE,토목 시설물 건설업
1087,KSIC,F41221,KSIC CODE,도로 건설업
1088,KSIC,F41222,KSIC CODE,"교량, 터널 및 철도 건설업"
1089,KSIC,F41223,KSIC CODE,"항만, 수로, 댐 및 유사 구조물 건설업"
1090,KSIC,F41224,KSIC CODE,환경설비 건설업
1091,KSIC,F41225,KSIC CODE,산업 생산시설 종합 건설업
1092,KSIC,F41226,KSIC CODE,조경 건설업
1093,KSIC,F41229,KSIC CODE,기타 토목 시설물 건설업
