﻿,산업분류 구분,산업분류코드,산업분류 구분명,산업분류명
147,KSIC,B07,KSIC CODE,비금속광물 광업; 연료용 제외
148,KSIC,B071,KSIC CODE,토사석 광업
149,KSIC,B0711,KSIC CODE,석회석 및 점토 광업
150,KSIC,B07110,KSIC CODE,석회석 및 점토 광업
151,KSIC,B0712,KSIC CODE,"석재, 쇄석 및 모래, 자갈 채취업"
152,KSIC,B07121,KSIC CODE,건설용 석재 채굴 및 쇄석 생산업
153,KSIC,B07122,KSIC CODE,모래 및 자갈 채취업
154,KSIC,B072,KSIC CODE,기타 비금속광물 광업
155,KSIC,B0721,KSIC CODE,화학용 및 비료 원료용 광물 광업
156,KSIC,B07210,KSIC CODE,화학용 및 비료 원료용 광물 광업
157,KSIC,B0722,KSIC CODE,천일염 생산 및 암염 채취업
158,KSIC,B07220,KSIC CODE,천일염 생산 및 암염 채취업
159,KSIC,B0729,KSIC CODE,그 외 기타 비금속광물 광업
160,KSIC,B07290,KSIC CODE,그 외 기타 비금속광물 광업
