﻿,산업분류 구분,산업분류코드,산업분류 구분명,산업분류명
525,KSIC,C23,KSIC CODE,비금속 광물제품 제조업
526,KSIC,C231,KSIC CODE,유리 및 유리제품 제조업
527,KSIC,C2311,KSIC CODE,판유리 및 판유리 가공품 제조업
528,KSIC,C23111,KSIC CODE,판유리 제조업
529,KSIC,C23112,KSIC CODE,안전유리 제조업
530,KSIC,C23119,KSIC CODE,기타 판유리 가공품 제조업
531,KSIC,C2312,KSIC CODE,산업용 유리 제조업
532,KSIC,C23121,KSIC CODE,"1차 유리제품, 유리섬유 및 광학용 유리 제조업"
533,KSIC,C23122,KSIC CODE,디스플레이 장치용 유리 제조업
534,KSIC,C23129,KSIC CODE,기타 산업용 유리제품 제조업
535,KSIC,C2319,KSIC CODE,기타 유리제품 제조업
536,KSIC,C23191,KSIC CODE,가정용 유리제품 제조업
537,KSIC,C23192,KSIC CODE,포장용 유리용기 제조업
538,KSIC,C23199,KSIC CODE,그 외 기타 유리제품 제조업
539,KSIC,C232,KSIC CODE,"내화, 비내화 요업제품 제조업"
540,KSIC,C2321,KSIC CODE,내화 요업제품 제조업
541,KSIC,C23211,KSIC CODE,정형 내화 요업제품 제조업
542,KSIC,C23212,KSIC CODE,부정형 내화 요업제품 제조업
543,KSIC,C2322,KSIC CODE,비내화 일반 도자기 제조업
544,KSIC,C23221,KSIC CODE,가정용 및 장식용 도자기 제조업
545,KSIC,C23222,KSIC CODE,위생용 및 산업용 도자기 제조업
546,KSIC,C23229,KSIC CODE,기타 일반 도자기 제조업
547,KSIC,C2323,KSIC CODE,건축용 비내화 요업제품 제조업
548,KSIC,C23230,KSIC CODE,건축용 비내화 요업제품 제조업
549,KSIC,C23231,KSIC CODE,"점토 벽돌, 블록 및 유사 비내화 요업제품 제조업"
550,KSIC,C23232,KSIC CODE,타일 및 유사 비내화 요업제품 제조업
551,KSIC,C23239,KSIC CODE,기타 건축용 비내화 요업제품 제조업
552,KSIC,C233,KSIC CODE,"시멘트, 석회, 플라스터 및 그 제품 제조업"
553,KSIC,C2331,KSIC CODE,"시멘트, 석회 및 플라스터 제조업"
554,KSIC,C23310,KSIC CODE,"시멘트, 석회 및 플라스터 제조업"
555,KSIC,C23311,KSIC CODE,시멘트 제조업
556,KSIC,C23312,KSIC CODE,석회 및 플라스터 제조업
557,KSIC,C2332,KSIC CODE,"콘크리트, 레미콘 및 기타 시멘트, 플라스터 제품 제조업"
558,KSIC,C23321,KSIC CODE,비내화 모르타르 제조업
559,KSIC,C23322,KSIC CODE,레미콘 제조업
560,KSIC,C23323,KSIC CODE,플라스터 혼합제품 제조업
561,KSIC,C23324,KSIC CODE,"콘크리트 타일, 기와, 벽돌 및 블록 제조업"
562,KSIC,C23325,KSIC CODE,콘크리트 관 및 기타 구조용 콘크리트제품 제조업
563,KSIC,C23329,KSIC CODE,그 외 기타 콘크리트 제품 및 유사 제품 제조업
564,KSIC,C239,KSIC CODE,기타 비금속 광물제품 제조업
565,KSIC,C2391,KSIC CODE,석제품 제조업
566,KSIC,C23910,KSIC CODE,석제품 제조업
567,KSIC,C23911,KSIC CODE,건설용 석제품 제조업
568,KSIC,C23919,KSIC CODE,기타 석제품 제조업
569,KSIC,C2399,KSIC CODE,그 외 기타 비금속 광물제품 제조업
570,KSIC,C23990,KSIC CODE,그 외 기타 비금속 광물제품 제조업
571,KSIC,C23991,KSIC CODE,아스팔트 콘크리트 및 혼합제품 제조업
572,KSIC,C23992,KSIC CODE,연마재 제조업
573,KSIC,C23993,KSIC CODE,비금속광물 분쇄물 생산업
574,KSIC,C23994,KSIC CODE,암면 및 유사 제품 제조업
575,KSIC,C23995,KSIC CODE,탄소섬유 제조업
576,KSIC,C23999,KSIC CODE,그 외 기타 분류 안된 비금속 광물제품 제조업
