﻿,산업분류 구분,산업분류코드,산업분류 구분명,산업분류명
1979,KSIC,Q86,KSIC CODE,보건업
1980,KSIC,Q861,KSIC CODE,병원
1981,KSIC,Q8610,KSIC CODE,병원
1982,KSIC,Q86101,KSIC CODE,종합병원
1983,KSIC,Q86102,KSIC CODE,일반병원
1984,KSIC,Q86103,KSIC CODE,치과병원
1985,KSIC,Q86104,KSIC CODE,한방병원
1986,KSIC,Q86105,KSIC CODE,요양병원
1987,KSIC,Q862,KSIC CODE,의원
1988,KSIC,Q8620,KSIC CODE,의원
1989,KSIC,Q86201,KSIC CODE,일반의원
1990,KSIC,Q86202,KSIC CODE,치과의원
1991,KSIC,Q86203,KSIC CODE,한의원
1992,KSIC,Q86204,KSIC CODE,방사선 진단 및 병리 검사 의원
1993,KSIC,Q863,KSIC CODE,공중 보건 의료업
1994,KSIC,Q8630,KSIC CODE,공중 보건 의료업
1995,KSIC,Q86300,KSIC CODE,공중 보건 의료업
1996,KSIC,Q869,KSIC CODE,기타 보건업
1997,KSIC,Q8690,KSIC CODE,기타 보건업
1998,KSIC,Q86901,KSIC CODE,앰뷸런스 서비스업
1999,KSIC,Q86902,KSIC CODE,유사 의료업
2000,KSIC,Q86909,KSIC CODE,그 외 기타 보건업
