﻿,산업분류 구분,산업분류코드,산업분류 구분명,산업분류명
1697,KSIC,L68,KSIC CODE,부동산업
1698,KSIC,L681,KSIC CODE,부동산 임대 및 공급업
1699,KSIC,L6811,KSIC CODE,부동산 임대업
1700,KSIC,L68111,KSIC CODE,주거용 건물 임대업
1701,KSIC,L68112,KSIC CODE,비주거용 건물 임대업
1702,KSIC,L68119,KSIC CODE,기타 부동산 임대업
1703,KSIC,L6812,KSIC CODE,부동산 개발 및 공급업
1704,KSIC,L68121,KSIC CODE,주거용 건물 개발 및 공급업
1705,KSIC,L68122,KSIC CODE,비주거용 건물 개발 및 공급업
1706,KSIC,L68129,KSIC CODE,기타 부동산 개발 및 공급업
1707,KSIC,L682,KSIC CODE,부동산관련 서비스업
1708,KSIC,L6821,KSIC CODE,부동산 관리업
1709,KSIC,L68211,KSIC CODE,주거용 부동산 관리업
1710,KSIC,L68212,KSIC CODE,비주거용 부동산 관리업
1711,KSIC,L6822,KSIC CODE,"부동산 중개, 자문 및 감정 평가업"
1712,KSIC,L68221,KSIC CODE,부동산 중개 및 대리업
1713,KSIC,L68222,KSIC CODE,부동산 투자 자문업
1714,KSIC,L68223,KSIC CODE,부동산 감정 평가업
1715,KSIC,M,KSIC CODE,"전문, 과학 및 기술 서비스업(70~73)"
