﻿,산업분류 구분,산업분류코드,산업분류 구분명,산업분류명
1662,KSIC,K65,KSIC CODE,보험 및 연금업
1663,KSIC,K651,KSIC CODE,보험업
1664,KSIC,K6511,KSIC CODE,생명보험업
1665,KSIC,K65110,KSIC CODE,생명보험업
1666,KSIC,K6512,KSIC CODE,손해 및 보증보험업
1667,KSIC,K65121,KSIC CODE,손해보험업
1668,KSIC,K65122,KSIC CODE,보증보험업
1669,KSIC,K6513,KSIC CODE,사회보장보험업
1670,KSIC,K65131,KSIC CODE,건강보험업
1671,KSIC,K65139,KSIC CODE,산업 재해 및 기타 사회보장보험업
1672,KSIC,K652,KSIC CODE,재보험업
1673,KSIC,K6520,KSIC CODE,재보험업
1674,KSIC,K65200,KSIC CODE,재보험업
1675,KSIC,K653,KSIC CODE,연금 및 공제업
1676,KSIC,K6530,KSIC CODE,연금 및 공제업
1677,KSIC,K65301,KSIC CODE,개인 공제업
1678,KSIC,K65302,KSIC CODE,사업 공제업
1679,KSIC,K65303,KSIC CODE,연금업
