﻿,산업분류 구분,산업분류코드,산업분류 구분명,산업분류명
346,KSIC,C16,KSIC CODE,목재 및 나무제품 제조업; 가구 제외
347,KSIC,C161,KSIC CODE,제재 및 목재 가공업
348,KSIC,C1610,KSIC CODE,제재 및 목재 가공업
349,KSIC,C16101,KSIC CODE,일반 제재업
350,KSIC,C16102,KSIC CODE,표면 가공목재 및 특정 목적용 제재목 제조업
351,KSIC,C16103,KSIC CODE,"목재 보존, 방부처리, 도장 및 유사 처리업"
352,KSIC,C162,KSIC CODE,나무제품 제조업
353,KSIC,C1621,KSIC CODE,"박판, 합판 및 강화 목제품 제조업"
354,KSIC,C16211,KSIC CODE,"박판, 합판 및 유사 적층판 제조업"
355,KSIC,C16212,KSIC CODE,강화 및 재생 목재 제조업
356,KSIC,C1622,KSIC CODE,건축용 나무제품 제조업
357,KSIC,C16221,KSIC CODE,목재 문 및 관련제품 제조업
358,KSIC,C16229,KSIC CODE,기타 건축용 나무제품 제조업
359,KSIC,C1623,KSIC CODE,"목재 상자, 드럼 및 적재판 제조업"
360,KSIC,C16231,KSIC CODE,목재 깔판류 및 기타 적재판 제조업
361,KSIC,C16232,KSIC CODE,"목재 포장용 상자, 드럼 및 유사 용기 제조업"
362,KSIC,C1629,KSIC CODE,기타 나무제품 제조업
363,KSIC,C16291,KSIC CODE,목재 도구 및 주방용 나무제품 제조업
364,KSIC,C16292,KSIC CODE,장식용 목제품 제조업
365,KSIC,C16299,KSIC CODE,그 외 기타 나무제품 제조업
366,KSIC,C163,KSIC CODE,코르크 및 조물 제품 제조업
367,KSIC,C1630,KSIC CODE,코르크 및 조물 제품 제조업
368,KSIC,C16300,KSIC CODE,코르크 및 조물 제품 제조업
