﻿,산업분류 구분,산업분류코드,산업분류 구분명,산업분류명
1808,KSIC,N74,KSIC CODE,사업시설 관리 및 조경 서비스업
1809,KSIC,N741,KSIC CODE,사업시설 유지ㆍ관리 서비스업
1810,KSIC,N7410,KSIC CODE,사업시설 유지ㆍ관리 서비스업
1811,KSIC,N74100,KSIC CODE,사업시설 유지ㆍ관리 서비스업
1812,KSIC,N742,KSIC CODE,건물ㆍ산업설비 청소 및 방제 서비스업
1813,KSIC,N7421,KSIC CODE,건물 및 산업설비 청소업
1814,KSIC,N74211,KSIC CODE,건축물 일반 청소업
1815,KSIC,N74212,KSIC CODE,"산업설비, 운송장비 및 공공장소 청소업"
1816,KSIC,N7422,KSIC CODE,"소독, 구충 및 방제 서비스업"
1817,KSIC,N74220,KSIC CODE,"소독, 구충 및 방제 서비스업"
1818,KSIC,N743,KSIC CODE,조경관리 및 유지 서비스업
1819,KSIC,N7430,KSIC CODE,조경관리 및 유지 서비스업
1820,KSIC,N74300,KSIC CODE,조경관리 및 유지 서비스업
