﻿,산업분류 구분,산업분류코드,산업분류 구분명,산업분류명
2001,KSIC,Q87,KSIC CODE,사회복지 서비스업
2002,KSIC,Q871,KSIC CODE,거주 복지시설 운영업
2003,KSIC,Q8711,KSIC CODE,노인 거주 복지시설 운영업
2004,KSIC,Q87111,KSIC CODE,노인 요양 복지시설 운영업
2005,KSIC,Q87112,KSIC CODE,노인 양로 복지시설 운영업
2006,KSIC,Q8712,KSIC CODE,심신 장애인 거주 복지시설 운영업
2007,KSIC,Q87121,KSIC CODE,신체 부자유자 거주 복지시설 운영업
2008,KSIC,Q87122,KSIC CODE,"정신 질환, 정신 지체 및 약물 중독자 거주 복지시설 운영업"
2009,KSIC,Q8713,KSIC CODE,기타 거주 복지시설 운영업
2010,KSIC,Q87131,KSIC CODE,아동 및 부녀자 거주 복지시설 운영업
2011,KSIC,Q87139,KSIC CODE,그 외 기타 거주 복지시설 운영업
2012,KSIC,Q872,KSIC CODE,비거주 복지시설 운영업
2013,KSIC,Q8721,KSIC CODE,보육시설 운영업
2014,KSIC,Q87210,KSIC CODE,보육시설 운영업
2015,KSIC,Q8729,KSIC CODE,기타 비거주 복지 서비스업
2016,KSIC,Q87291,KSIC CODE,직업 재활원 운영업
2017,KSIC,Q87292,KSIC CODE,종합복지관 운영업
2018,KSIC,Q87293,KSIC CODE,방문 복지서비스 제공업
2019,KSIC,Q87294,KSIC CODE,사회복지 상담 서비스 제공업
2020,KSIC,Q87299,KSIC CODE,그 외 기타 비거주 복지 서비스업
2021,KSIC,R,KSIC CODE,"예술, 스포츠 및 여가관련 서비스업(90~91)"
