﻿,산업분류 구분,산업분류코드,산업분류 구분명,산업분류명
997,KSIC,C34,KSIC CODE,산업용 기계 및 장비 수리업
998,KSIC,C340,KSIC CODE,산업용 기계 및 장비 수리업
999,KSIC,C3401,KSIC CODE,일반 기계류 수리업
1000,KSIC,C34011,KSIC CODE,건설ㆍ광업용 기계 및 장비 수리업
1001,KSIC,C34019,KSIC CODE,기타 일반 기계 및 장비 수리업
1002,KSIC,C3402,KSIC CODE,전기ㆍ전자 및 정밀 기기 수리업
1003,KSIC,C34020,KSIC CODE,전기ㆍ전자 및 정밀 기기 수리업
1004,KSIC,D,KSIC CODE,"전기, 가스, 증기 및 공기 조절 공급업(35)"
