﻿,산업분류 구분,산업분류코드,산업분류 구분명,산업분류명
1821,KSIC,N75,KSIC CODE,사업 지원 서비스업
1822,KSIC,N751,KSIC CODE,고용 알선 및 인력 공급업
1823,KSIC,N7511,KSIC CODE,고용 알선업
1824,KSIC,N75110,KSIC CODE,고용 알선업
1825,KSIC,N7512,KSIC CODE,인력 공급업
1826,KSIC,N75121,KSIC CODE,임시 및 일용 인력 공급업
1827,KSIC,N75122,KSIC CODE,상용 인력 공급 및 인사관리 서비스업
1828,KSIC,N752,KSIC CODE,여행사 및 기타 여행 보조 서비스업
1829,KSIC,N7521,KSIC CODE,여행사업
1830,KSIC,N75210,KSIC CODE,여행사업
1831,KSIC,N75211,KSIC CODE,여행사업
1832,KSIC,N7529,KSIC CODE,기타 여행 보조 및 예약 서비스업
1833,KSIC,N75290,KSIC CODE,기타 여행 보조 및 예약 서비스업
1834,KSIC,N753,KSIC CODE,"경비, 경호 및 탐정업"
1835,KSIC,N7531,KSIC CODE,경비 및 경호 서비스업
1836,KSIC,N75310,KSIC CODE,경비 및 경호 서비스업
1837,KSIC,N7532,KSIC CODE,보안 시스템 서비스업
1838,KSIC,N75320,KSIC CODE,보안 시스템 서비스업
1839,KSIC,N7533,KSIC CODE,탐정 및 조사 서비스업
1840,KSIC,N75330,KSIC CODE,탐정 및 조사 서비스업
1841,KSIC,N759,KSIC CODE,기타 사업 지원 서비스업
1842,KSIC,N7591,KSIC CODE,사무 지원 서비스업
1843,KSIC,N75911,KSIC CODE,문서 작성업
1844,KSIC,N75912,KSIC CODE,복사업
1845,KSIC,N75919,KSIC CODE,기타 사무 지원 서비스업
1846,KSIC,N7599,KSIC CODE,그 외 기타 사업 지원 서비스업
1847,KSIC,N75991,KSIC CODE,콜센터 및 텔레마케팅 서비스업
1848,KSIC,N75992,KSIC CODE,"전시, 컨벤션 및 행사 대행업"
1849,KSIC,N75993,KSIC CODE,신용 조사 및 추심 대행업
1850,KSIC,N75994,KSIC CODE,포장 및 충전업
1851,KSIC,N75999,KSIC CODE,그 외 기타 분류 안된 사업 지원 서비스업
