﻿,산업분류 구분,산업분류코드,산업분류 구분명,산업분류명
422,KSIC,C20,KSIC CODE,화학 물질 및 화학제품 제조업; 의약품 제외
423,KSIC,C201,KSIC CODE,기초 화학물질 제조업
424,KSIC,C2011,KSIC CODE,기초 유기화학 물질 제조업
425,KSIC,C20111,KSIC CODE,석유화학계 기초 화학 물질 제조업
426,KSIC,C20112,KSIC CODE,천연수지 및 나무 화학 물질 제조업
427,KSIC,C20119,KSIC CODE,석탄화학계 화합물 및 기타 기초 유기화학 물질 제조업
428,KSIC,C2012,KSIC CODE,기초 무기화학 물질 제조업
429,KSIC,C20120,KSIC CODE,기초 무기화학 물질 제조업
430,KSIC,C20121,KSIC CODE,산업용 가스 제조업
431,KSIC,C20129,KSIC CODE,기타 기초 무기화학 물질 제조업
432,KSIC,C2013,KSIC CODE,"무기 안료, 염료, 유연제 및 기타 착색제 제조업"
433,KSIC,C20131,KSIC CODE,무기 안료용 금속 산화물 및 관련 제품 제조업
434,KSIC,C20132,KSIC CODE,"염료, 조제 무기 안료, 유연제 및 기타 착색제 제조업"
435,KSIC,C202,KSIC CODE,합성고무 및 플라스틱 물질 제조업
436,KSIC,C2020,KSIC CODE,합성고무 및 플라스틱 물질 제조업
437,KSIC,C20201,KSIC CODE,합성고무 제조업
438,KSIC,C20202,KSIC CODE,합성수지 및 기타 플라스틱 물질 제조업
439,KSIC,C20203,KSIC CODE,혼성 및 재생 플라스틱 소재 물질 제조업
440,KSIC,C203,KSIC CODE,"비료, 농약 및 살균ㆍ살충제 제조업"
441,KSIC,C2031,KSIC CODE,비료 및 질소 화합물 제조업
442,KSIC,C20310,KSIC CODE,비료 및 질소 화합물 제조업
443,KSIC,C20311,KSIC CODE,"질소 화합물, 질소ㆍ인산 및 칼리질 화학비료 제조업"
444,KSIC,C20312,KSIC CODE,복합비료 및 기타 화학비료 제조업
445,KSIC,C20313,KSIC CODE,유기질 비료 및 상토 제조업
446,KSIC,C2032,KSIC CODE,살균ㆍ살충제 및 농약 제조업
447,KSIC,C20321,KSIC CODE,화학 살균ㆍ살충제 및 농업용 약제 제조업
448,KSIC,C20322,KSIC CODE,생물 살균ㆍ살충제 및 식물보호제 제조업
449,KSIC,C204,KSIC CODE,기타 화학제품 제조업
450,KSIC,C2041,KSIC CODE,"잉크, 페인트, 코팅제 및 유사제품 제조업"
451,KSIC,C20411,KSIC CODE,일반용 도료 및 관련제품 제조업
452,KSIC,C20412,KSIC CODE,요업용 도포제 및 관련제품 제조업
453,KSIC,C20413,KSIC CODE,인쇄 잉크 및 회화용 물감 제조업
454,KSIC,C2042,KSIC CODE,"세제, 화장품 및 광택제 제조업"
455,KSIC,C20420,KSIC CODE,"세제, 화장품 및 광택제 제조업"
456,KSIC,C20421,KSIC CODE,계면활성제 제조업
457,KSIC,C20422,KSIC CODE,"치약, 비누 및 기타 세제 제조업"
458,KSIC,C20423,KSIC CODE,화장품 제조업
459,KSIC,C20424,KSIC CODE,표면 광택제 및 실내 가향제 제조업
460,KSIC,C2049,KSIC CODE,그 외 기타 화학제품 제조업
461,KSIC,C20491,KSIC CODE,감광 재료 및 관련 화학제품 제조업
462,KSIC,C20492,KSIC CODE,가공 및 정제염 제조업
463,KSIC,C20493,KSIC CODE,접착제 및 젤라틴 제조업
464,KSIC,C20494,KSIC CODE,화약 및 불꽃제품 제조업
465,KSIC,C20495,KSIC CODE,바이오 연료 및 혼합물 제조업
466,KSIC,C20499,KSIC CODE,그 외 기타 분류 안된 화학제품 제조업
467,KSIC,C205,KSIC CODE,화학섬유 제조업
468,KSIC,C2050,KSIC CODE,화학섬유 제조업
469,KSIC,C20501,KSIC CODE,합성섬유 제조업
470,KSIC,C20502,KSIC CODE,재생 섬유 제조업
