﻿,산업분류 구분,산업분류코드,산업분류 구분명,산업분류명
118,KSIC,A03,KSIC CODE,어업
119,KSIC,A031,KSIC CODE,어로 어업
120,KSIC,A0311,KSIC CODE,해수면 어업
121,KSIC,A03111,KSIC CODE,원양 어업
122,KSIC,A03112,KSIC CODE,연근해 어업
123,KSIC,A0312,KSIC CODE,내수면 어업
124,KSIC,A03120,KSIC CODE,내수면 어업
125,KSIC,A032,KSIC CODE,양식어업 및 어업관련 서비스업
126,KSIC,A0321,KSIC CODE,양식 어업
127,KSIC,A03211,KSIC CODE,해수면 양식 어업
128,KSIC,A03212,KSIC CODE,내수면 양식 어업
129,KSIC,A03213,KSIC CODE,수산물 부화 및 수산 종자 생산업
130,KSIC,A0322,KSIC CODE,어업 관련 서비스업
131,KSIC,A03220,KSIC CODE,어업 관련 서비스업
132,KSIC,B,KSIC CODE,광업(05~08)
