﻿,산업분류 구분,산업분류코드,산업분류 구분명,산업분류명
166,KSIC,C10,KSIC CODE,식료품 제조업
167,KSIC,C101,KSIC CODE,"도축, 육류 가공 및 저장 처리업"
168,KSIC,C1011,KSIC CODE,도축업
169,KSIC,C10111,KSIC CODE,육류 도축업(가금류 제외)
170,KSIC,C10112,KSIC CODE,가금류 도축업
171,KSIC,C1012,KSIC CODE,육류 가공 및 저장 처리업
172,KSIC,C10121,KSIC CODE,가금류 가공 및 저장 처리업
173,KSIC,C10122,KSIC CODE,육류 포장육 및 냉동육 가공업(가금류 제외)
174,KSIC,C10129,KSIC CODE,육류 기타 가공 및 저장 처리업(가금류 제외)
175,KSIC,C102,KSIC CODE,수산물 가공 및 저장 처리업
176,KSIC,C1021,KSIC CODE,수산동물 가공 및 저장 처리업
177,KSIC,C10210,KSIC CODE,수산동물 가공 및 저장 처리업
178,KSIC,C10211,KSIC CODE,"수산동물 훈제, 조리 및 유사 조제식품 제조업"
179,KSIC,C10212,KSIC CODE,수산동물 건조 및 염장품 제조업
180,KSIC,C10213,KSIC CODE,수산동물 냉동품 제조업
181,KSIC,C10219,KSIC CODE,기타 수산동물 가공 및 저장 처리업
182,KSIC,C1022,KSIC CODE,수산식물 가공 및 저장 처리업
183,KSIC,C10220,KSIC CODE,수산식물 가공 및 저장 처리업
184,KSIC,C103,KSIC CODE,"과실, 채소 가공 및 저장 처리업"
185,KSIC,C1030,KSIC CODE,"과실, 채소 가공 및 저장 처리업"
186,KSIC,C10301,KSIC CODE,김치류 제조업
187,KSIC,C10302,KSIC CODE,과실 및 그 외 채소 절임식품 제조업
188,KSIC,C10309,KSIC CODE,기타 과실ㆍ채소 가공 및 저장 처리업
189,KSIC,C104,KSIC CODE,동물성 및 식물성 유지 제조업
190,KSIC,C1040,KSIC CODE,동물성 및 식물성 유지 제조업
191,KSIC,C10401,KSIC CODE,동물성 유지 제조업
192,KSIC,C10402,KSIC CODE,식물성 유지 제조업
193,KSIC,C10403,KSIC CODE,식용 정제유 및 가공유 제조업
194,KSIC,C105,KSIC CODE,낙농제품 및 식용 빙과류 제조업
195,KSIC,C1050,KSIC CODE,낙농제품 및 식용 빙과류 제조업
196,KSIC,C10501,KSIC CODE,액상 시유 및 기타 낙농제품 제조업
197,KSIC,C10502,KSIC CODE,아이스크림 및 기타 식용 빙과류 제조업
198,KSIC,C106,KSIC CODE,"곡물 가공품, 전분 및 전분제품 제조업"
199,KSIC,C1061,KSIC CODE,곡물 가공품 제조업
200,KSIC,C10611,KSIC CODE,곡물 도정업
201,KSIC,C10612,KSIC CODE,곡물 제분업
202,KSIC,C10613,KSIC CODE,곡물 혼합 분말 및 반죽 제조업
203,KSIC,C10619,KSIC CODE,기타 곡물 가공품 제조업
204,KSIC,C1062,KSIC CODE,전분제품 및 당류 제조업
205,KSIC,C10620,KSIC CODE,전분제품 및 당류 제조업
206,KSIC,C107,KSIC CODE,기타 식품 제조업
207,KSIC,C1071,KSIC CODE,"떡, 빵 및 과자류 제조업"
208,KSIC,C10711,KSIC CODE,떡류 제조업
209,KSIC,C10712,KSIC CODE,빵류 제조업
210,KSIC,C10713,KSIC CODE,과자류 및 코코아 제품 제조업
211,KSIC,C1072,KSIC CODE,설탕 제조업
212,KSIC,C10720,KSIC CODE,설탕 제조업
213,KSIC,C1073,KSIC CODE,"면류, 마카로니 및 유사 식품 제조업"
214,KSIC,C10730,KSIC CODE,"면류, 마카로니 및 유사 식품 제조업"
215,KSIC,C1074,KSIC CODE,조미료 및 식품 첨가물 제조업
216,KSIC,C10740,KSIC CODE,조미료 및 식품 첨가물 제조업
217,KSIC,C10741,KSIC CODE,"식초, 발효 및 화학 조미료 제조업"
218,KSIC,C10742,KSIC CODE,천연 및 혼합 조제 조미료 제조업
219,KSIC,C10743,KSIC CODE,장류 제조업
220,KSIC,C10749,KSIC CODE,기타 식품 첨가물 제조업
221,KSIC,C1075,KSIC CODE,도시락 및 식사용 조리식품 제조업
222,KSIC,C10751,KSIC CODE,도시락류 제조업
223,KSIC,C10759,KSIC CODE,기타 식사용 가공처리 조리식품 제조업
224,KSIC,C1079,KSIC CODE,기타 식료품 제조업
225,KSIC,C10790,KSIC CODE,기타 식료품 제조업
226,KSIC,C10791,KSIC CODE,커피 가공업
227,KSIC,C10792,KSIC CODE,차류 가공업
228,KSIC,C10793,KSIC CODE,수프 및 균질화식품 제조업
229,KSIC,C10794,KSIC CODE,두부 및 유사 식품 제조업
230,KSIC,C10795,KSIC CODE,인삼식품 제조업
231,KSIC,C10796,KSIC CODE,건강 보조용 액화식품 제조업
232,KSIC,C10797,KSIC CODE,건강 기능식품 제조업
233,KSIC,C10799,KSIC CODE,그 외 기타 식료품 제조업
234,KSIC,C108,KSIC CODE,동물용 사료 및 조제식품 제조업
235,KSIC,C1080,KSIC CODE,동물용 사료 및 조제식품 제조업
236,KSIC,C10800,KSIC CODE,동물용 사료 및 조제식품 제조업
237,KSIC,C10801,KSIC CODE,배합 사료 제조업
238,KSIC,C10802,KSIC CODE,단미사료 및 기타 사료 제조업
