﻿,산업분류 구분,산업분류코드,산업분류 구분명,산업분류명
2049,KSIC,R91,KSIC CODE,스포츠 및 오락관련 서비스업
2050,KSIC,R911,KSIC CODE,스포츠 서비스업
2051,KSIC,R9111,KSIC CODE,경기장 운영업
2052,KSIC,R91111,KSIC CODE,실내 경기장 운영업
2053,KSIC,R91112,KSIC CODE,실외 경기장 운영업
2054,KSIC,R91113,KSIC CODE,경주장 및 동물 경기장 운영업
2055,KSIC,R9112,KSIC CODE,골프장 및 스키장 운영업
2056,KSIC,R91121,KSIC CODE,골프장 운영업
2057,KSIC,R91122,KSIC CODE,스키장 운영업
2058,KSIC,R9113,KSIC CODE,기타 스포츠시설 운영업
2059,KSIC,R91130,KSIC CODE,기타 스포츠시설 운영업
2060,KSIC,R91131,KSIC CODE,종합 스포츠시설 운영업
2061,KSIC,R91132,KSIC CODE,체력 단련시설 운영업
2062,KSIC,R91133,KSIC CODE,수영장 운영업
2063,KSIC,R91134,KSIC CODE,볼링장 운영업
2064,KSIC,R91135,KSIC CODE,당구장 운영업
2065,KSIC,R91136,KSIC CODE,골프 연습장 운영업
2066,KSIC,R91139,KSIC CODE,그 외 기타 스포츠시설 운영업
2067,KSIC,R9119,KSIC CODE,기타 스포츠 서비스업
2068,KSIC,R91191,KSIC CODE,스포츠 클럽 운영업
2069,KSIC,R91199,KSIC CODE,그 외 기타 스포츠 서비스업
2070,KSIC,R912,KSIC CODE,유원지 및 기타 오락관련 서비스업
2071,KSIC,R9121,KSIC CODE,유원지 및 테마파크 운영업
2072,KSIC,R91210,KSIC CODE,유원지 및 테마파크 운영업
2073,KSIC,R9122,KSIC CODE,오락장 운영업
2074,KSIC,R91221,KSIC CODE,전자 게임장 운영업
2075,KSIC,R91222,KSIC CODE,컴퓨터 게임방 운영업
2076,KSIC,R91223,KSIC CODE,노래 연습장 운영업
2077,KSIC,R91229,KSIC CODE,기타 오락장 운영업
2078,KSIC,R9123,KSIC CODE,수상오락 서비스업
2079,KSIC,R91231,KSIC CODE,낚시장 운영업
2080,KSIC,R91239,KSIC CODE,기타 수상오락 서비스업
2081,KSIC,R9124,KSIC CODE,사행시설 관리 및 운영업
2082,KSIC,R91241,KSIC CODE,복권 발행 및 판매업
2083,KSIC,R91249,KSIC CODE,기타 사행시설 관리 및 운영업
2084,KSIC,R9129,KSIC CODE,그 외 기타 오락관련 서비스업
2085,KSIC,R91291,KSIC CODE,무도장 운영업
2086,KSIC,R91292,KSIC CODE,체육 공원 및 유사 공원 운영업
2087,KSIC,R91293,KSIC CODE,기원 운영업
2088,KSIC,R91299,KSIC CODE,그 외 기타 분류 안된 오락관련 서비스업
2089,KSIC,S,KSIC CODE,"협회 및 단체, 수리 및 기타 개인 서비스업(94~96)"
