﻿,산업분류 구분,산업분류코드,산업분류 구분명,산업분류명
1452,KSIC,H50,KSIC CODE,수상 운송업
1453,KSIC,H501,KSIC CODE,해상 운송업
1454,KSIC,H5011,KSIC CODE,외항 운송업
1455,KSIC,H50111,KSIC CODE,외항 여객 운송업
1456,KSIC,H50112,KSIC CODE,외항 화물 운송업
1457,KSIC,H5012,KSIC CODE,내항 운송업
1458,KSIC,H50121,KSIC CODE,내항 여객 운송업
1459,KSIC,H50122,KSIC CODE,내항 화물 운송업
1460,KSIC,H5013,KSIC CODE,기타 해상 운송업
1461,KSIC,H50130,KSIC CODE,기타 해상 운송업
1462,KSIC,H502,KSIC CODE,내륙 수상 및 항만 내 운송업
1463,KSIC,H5020,KSIC CODE,내륙 수상 및 항만 내 운송업
1464,KSIC,H50201,KSIC CODE,내륙 수상 여객 및 화물 운송업
1465,KSIC,H50202,KSIC CODE,항만 내 여객 운송업
1466,KSIC,H50209,KSIC CODE,기타 내륙 수상 운송업
