﻿,산업분류 구분,산업분류코드,산업분류 구분명,산업분류명
258,KSIC,C13,KSIC CODE,섬유제품 제조업; 의복 제외
259,KSIC,C131,KSIC CODE,방적 및 가공사 제조업
260,KSIC,C1310,KSIC CODE,방적 및 가공사 제조업
261,KSIC,C13100,KSIC CODE,방적 및 가공사 제조업
262,KSIC,C13101,KSIC CODE,면 방적업
263,KSIC,C13102,KSIC CODE,모 방적업
264,KSIC,C13103,KSIC CODE,화학섬유 방적업
265,KSIC,C13104,KSIC CODE,연사 및 가공사 제조업
266,KSIC,C13109,KSIC CODE,기타 방적업
267,KSIC,C132,KSIC CODE,직물 직조 및 직물제품 제조업
268,KSIC,C1321,KSIC CODE,직물 직조업
269,KSIC,C13210,KSIC CODE,직물 직조업
270,KSIC,C13211,KSIC CODE,면직물 직조업
271,KSIC,C13212,KSIC CODE,모직물 직조업
272,KSIC,C13213,KSIC CODE,화학섬유직물 직조업
273,KSIC,C13219,KSIC CODE,특수직물 및 기타 직물 직조업
274,KSIC,C1322,KSIC CODE,직물제품 제조업
275,KSIC,C13221,KSIC CODE,침구 및 관련제품 제조업
276,KSIC,C13222,KSIC CODE,자수제품 및 자수용 재료 제조업
277,KSIC,C13223,KSIC CODE,커튼 및 유사 제품 제조업
278,KSIC,C13224,KSIC CODE,"천막, 텐트 및 유사 제품 제조업"
279,KSIC,C13225,KSIC CODE,직물포대 제조업
280,KSIC,C13229,KSIC CODE,기타 직물제품 제조업
281,KSIC,C133,KSIC CODE,편조 원단 제조업
282,KSIC,C1330,KSIC CODE,편조 원단 제조업
283,KSIC,C13300,KSIC CODE,편조 원단 제조업
284,KSIC,C134,KSIC CODE,"섬유제품 염색, 정리 및 마무리 가공업"
285,KSIC,C1340,KSIC CODE,"섬유제품 염색, 정리 및 마무리 가공업"
286,KSIC,C13401,KSIC CODE,솜 및 실 염색 가공업
287,KSIC,C13402,KSIC CODE,"직물, 편조 원단 및 의복류 염색 가공업"
288,KSIC,C13403,KSIC CODE,날염 가공업
289,KSIC,C13409,KSIC CODE,섬유제품 기타 정리 및 마무리 가공업
290,KSIC,C139,KSIC CODE,기타 섬유제품 제조업
291,KSIC,C1391,KSIC CODE,"카펫, 마루덮개 및 유사 제품 제조업"
292,KSIC,C13910,KSIC CODE,"카펫, 마루덮개 및 유사 제품 제조업"
293,KSIC,C1392,KSIC CODE,"끈, 로프, 망 및 끈 가공품 제조업"
294,KSIC,C13921,KSIC CODE,끈 및 로프 제조업
295,KSIC,C13922,KSIC CODE,어망 및 기타 끈 가공품 제조업
296,KSIC,C1399,KSIC CODE,그 외 기타 섬유제품 제조업
297,KSIC,C13990,KSIC CODE,그 외 기타 섬유제품 제조업
298,KSIC,C13991,KSIC CODE,세폭직물 제조업
299,KSIC,C13992,KSIC CODE,부직포 및 펠트 제조업
300,KSIC,C13993,KSIC CODE,특수사 및 코드직물 제조업
301,KSIC,C13994,KSIC CODE,표면처리 및 적층 직물 제조업
302,KSIC,C13999,KSIC CODE,그 외 기타 분류 안된 섬유제품 제조업
