﻿,산업분류 구분,산업분류코드,산업분류 구분명,산업분류명
1300,KSIC,G47,KSIC CODE,소매업; 자동차 제외
1301,KSIC,G471,KSIC CODE,종합 소매업
1302,KSIC,G4711,KSIC CODE,대형 종합 소매업
1303,KSIC,G47111,KSIC CODE,백화점
1304,KSIC,G47112,KSIC CODE,대형 마트
1305,KSIC,G47119,KSIC CODE,기타 대형 종합 소매업
1306,KSIC,G4712,KSIC CODE,음ㆍ식료품 위주 종합 소매업
1307,KSIC,G47121,KSIC CODE,슈퍼마켓
1308,KSIC,G47122,KSIC CODE,체인화 편의점
1309,KSIC,G47129,KSIC CODE,기타 음ㆍ식료품 위주 종합 소매업
1310,KSIC,G4713,KSIC CODE,면세점
1311,KSIC,G47130,KSIC CODE,면세점
1312,KSIC,G4719,KSIC CODE,그 외 기타 종합 소매업
1313,KSIC,G47190,KSIC CODE,그 외 기타 종합 소매업
1314,KSIC,G472,KSIC CODE,음ㆍ식료품 및 담배 소매업
1315,KSIC,G4721,KSIC CODE,식료품 소매업
1316,KSIC,G47211,KSIC CODE,"곡물, 곡분 및 가축 사료 소매업"
1317,KSIC,G47212,KSIC CODE,육류 소매업
1318,KSIC,G47213,KSIC CODE,건어물 및 젓갈류 소매업
1319,KSIC,G47214,KSIC CODE,"신선, 냉동 및 기타 수산물 소매업"
1320,KSIC,G47215,KSIC CODE,"채소, 과실 및 뿌리작물 소매업"
1321,KSIC,G47216,KSIC CODE,"빵류, 과자류 및 당류 소매업"
1322,KSIC,G47217,KSIC CODE,건강 보조식품 소매업
1323,KSIC,G47218,KSIC CODE,조리 반찬류 소매업
1324,KSIC,G47219,KSIC CODE,기타 식료품 소매업
1325,KSIC,G4722,KSIC CODE,음료 및 담배 소매업
1326,KSIC,G47221,KSIC CODE,음료 소매업
1327,KSIC,G47222,KSIC CODE,담배 소매업
1328,KSIC,G473,KSIC CODE,가전제품 및 정보 통신장비 소매업
1329,KSIC,G4731,KSIC CODE,"컴퓨터 및 주변장치, 소프트웨어 및 통신기기 소매업"
1330,KSIC,G47311,KSIC CODE,"컴퓨터 및 주변장치, 소프트웨어 소매업"
1331,KSIC,G47312,KSIC CODE,통신기기 소매업
1332,KSIC,G4732,KSIC CODE,가전제품 소매업
1333,KSIC,G47320,KSIC CODE,가전제품 소매업
1334,KSIC,G474,KSIC CODE,"섬유, 의복, 신발 및 가죽제품 소매업"
1335,KSIC,G47400,KSIC CODE,"섬유, 의복, 신발 및 가죽제품 소매업"
1336,KSIC,G4741,KSIC CODE,의복 소매업
1337,KSIC,G47411,KSIC CODE,남자용 겉옷 소매업
1338,KSIC,G47412,KSIC CODE,여자용 겉옷 소매업
1339,KSIC,G47413,KSIC CODE,속옷 및 잠옷 소매업
1340,KSIC,G47414,KSIC CODE,셔츠 및 블라우스 소매업
1341,KSIC,G47415,KSIC CODE,한복 소매업
1342,KSIC,G47416,KSIC CODE,가죽 및 모피 의복 소매업
1343,KSIC,G47417,KSIC CODE,유아용 의류 소매업
1344,KSIC,G47419,KSIC CODE,기타 의복 소매업
1345,KSIC,G4742,KSIC CODE,"섬유, 직물 및 의복 액세서리 소매업"
1346,KSIC,G47421,KSIC CODE,가정용 직물제품 소매업
1347,KSIC,G47422,KSIC CODE,의복 액세서리 및 모조 장신구 소매업
1348,KSIC,G47429,KSIC CODE,"섬유 원단, 실 및 기타 섬유제품 소매업"
1349,KSIC,G4743,KSIC CODE,신발 소매업
1350,KSIC,G47430,KSIC CODE,신발 소매업
1351,KSIC,G4744,KSIC CODE,가방 및 기타 가죽제품 소매업
1352,KSIC,G47440,KSIC CODE,가방 및 기타 가죽제품 소매업
1353,KSIC,G475,KSIC CODE,기타 생활용품 소매업
1354,KSIC,G4751,KSIC CODE,"철물, 공구, 창호 및 건설자재 소매업"
1355,KSIC,G47511,KSIC CODE,철물 및 난방용구 소매업
1356,KSIC,G47512,KSIC CODE,공구 소매업
1357,KSIC,G47513,KSIC CODE,"벽지, 마루덮개 및 장판류 소매업"
1358,KSIC,G47519,KSIC CODE,"페인트, 창호 및 기타 건설자재 소매업"
1359,KSIC,G4752,KSIC CODE,가구 소매업
1360,KSIC,G47520,KSIC CODE,가구 소매업
1361,KSIC,G4759,KSIC CODE,그 외 기타 가정용품 소매업
1362,KSIC,G47591,KSIC CODE,전기용품 및 조명장치 소매업
1363,KSIC,G47592,KSIC CODE,"주방용품 및 가정용 유리, 요업제품 소매업"
1364,KSIC,G47593,KSIC CODE,악기 소매업
1365,KSIC,G47599,KSIC CODE,그 외 기타 분류 안된 가정용품 소매업
1366,KSIC,G476,KSIC CODE,"문화, 오락 및 여가 용품 소매업"
1367,KSIC,G4761,KSIC CODE,서적 및 문구용품 소매업
1368,KSIC,G47611,KSIC CODE,"서적, 신문 및 잡지류 소매업"
1369,KSIC,G47612,KSIC CODE,문구용품 및 회화용품 소매업
1370,KSIC,G4762,KSIC CODE,음반 및 비디오물 소매업
1371,KSIC,G47620,KSIC CODE,음반 및 비디오물 소매업
1372,KSIC,G4763,KSIC CODE,운동용품 및 자전거 소매업
1373,KSIC,G47631,KSIC CODE,운동 및 경기용품 소매업
1374,KSIC,G47632,KSIC CODE,자전거 및 기타 운송장비 소매업
1375,KSIC,G4764,KSIC CODE,"게임용구, 인형 및 장난감 소매업"
1376,KSIC,G47640,KSIC CODE,"게임용구, 인형 및 장난감 소매업"
1377,KSIC,G477,KSIC CODE,연료 소매업
1378,KSIC,G4771,KSIC CODE,운송장비용 연료 소매업
1379,KSIC,G47711,KSIC CODE,운송장비용 주유소 운영업
1380,KSIC,G47712,KSIC CODE,운송장비용 가스 충전업
1381,KSIC,G4772,KSIC CODE,가정용 연료 소매업
1382,KSIC,G47721,KSIC CODE,가정용 고체 연료 소매업
1383,KSIC,G47722,KSIC CODE,가정용 액체 연료 소매업
1384,KSIC,G47723,KSIC CODE,가정용 가스 연료 소매업
1385,KSIC,G478,KSIC CODE,기타 상품 전문 소매업
1386,KSIC,G4781,KSIC CODE,"의약품, 의료용 기구, 화장품 및 방향제 소매업"
1387,KSIC,G47811,KSIC CODE,의약품 및 의료용품 소매업
1388,KSIC,G47812,KSIC CODE,의료용 기구 소매업
1389,KSIC,G47813,KSIC CODE,"화장품, 비누 및 방향제 소매업"
1390,KSIC,G4782,KSIC CODE,"사무용 기기, 안경, 사진장비 및 정밀기기 소매업"
1391,KSIC,G47821,KSIC CODE,사무용 기기 소매업
1392,KSIC,G47822,KSIC CODE,안경 및 렌즈 소매업
1393,KSIC,G47823,KSIC CODE,사진기 및 사진용품 소매업
1394,KSIC,G47829,KSIC CODE,기타 광학 및 정밀 기기 소매업
1395,KSIC,G4783,KSIC CODE,시계 및 귀금속 소매업
1396,KSIC,G47830,KSIC CODE,시계 및 귀금속 소매업
1397,KSIC,G4784,KSIC CODE,"예술품, 기념품 및 장식용품 소매업"
1398,KSIC,G47841,KSIC CODE,예술품 및 골동품 소매업
1399,KSIC,G47842,KSIC CODE,"기념품, 관광 민예품 및 장식용품 소매업"
1400,KSIC,G4785,KSIC CODE,그 외 기타 상품 전문 소매업
1401,KSIC,G47851,KSIC CODE,화초 및 식물 소매업
1402,KSIC,G47852,KSIC CODE,애완용 동물 및 관련용품 소매업
1403,KSIC,G47859,KSIC CODE,그 외 기타 분류 안된 상품 전문 소매업
1404,KSIC,G4786,KSIC CODE,중고 상품 소매업
1405,KSIC,G47861,KSIC CODE,중고 가구 소매업
1406,KSIC,G47862,KSIC CODE,중고 가전제품 및 통신장비 소매업
1407,KSIC,G47869,KSIC CODE,기타 중고 상품 소매업
1408,KSIC,G479,KSIC CODE,무점포 소매업
1409,KSIC,G4791,KSIC CODE,통신 판매업
1410,KSIC,G47911,KSIC CODE,전자상거래 소매 중개업
1411,KSIC,G47912,KSIC CODE,전자상거래 소매업
1412,KSIC,G47919,KSIC CODE,기타 통신 판매업
1413,KSIC,G4792,KSIC CODE,노점 및 유사 이동 소매업
1414,KSIC,G47920,KSIC CODE,노점 및 유사 이동 소매업
1415,KSIC,G4799,KSIC CODE,기타 무점포 소매업
1416,KSIC,G47991,KSIC CODE,자동 판매기 운영업
1417,KSIC,G47992,KSIC CODE,계약배달 판매업
1418,KSIC,G47993,KSIC CODE,방문 판매업
1419,KSIC,G47999,KSIC CODE,그 외 기타 무점포 소매업
1420,KSIC,H,KSIC CODE,운수 및 창고업(49~52)
