﻿,산업분류 구분,산업분류코드,산업분류 구분명,산업분류명
1505,KSIC,I55,KSIC CODE,숙박업
1506,KSIC,I551,KSIC CODE,일반 및 생활 숙박시설 운영업
1507,KSIC,I5510,KSIC CODE,일반 및 생활 숙박시설 운영업
1508,KSIC,I55101,KSIC CODE,호텔업
1509,KSIC,I55102,KSIC CODE,여관업
1510,KSIC,I55103,KSIC CODE,휴양 콘도 운영업
1511,KSIC,I55104,KSIC CODE,민박업
1512,KSIC,I55109,KSIC CODE,기타 일반 및 생활 숙박시설 운영업
1513,KSIC,I559,KSIC CODE,기타 숙박업
1514,KSIC,I5590,KSIC CODE,기타 숙박업
1515,KSIC,I55901,KSIC CODE,기숙사 및 고시원 운영업
1516,KSIC,I55909,KSIC CODE,그 외 기타 숙박업
