﻿,산업분류 구분,산업분류코드,산업분류 구분명,산업분류명
369,KSIC,C17,KSIC CODE,"펄프, 종이 및 종이제품 제조업"
370,KSIC,C171,KSIC CODE,"펄프, 종이 및 판지 제조업"
371,KSIC,C1711,KSIC CODE,펄프 제조업
372,KSIC,C17110,KSIC CODE,펄프 제조업
373,KSIC,C1712,KSIC CODE,종이 및 판지 제조업
374,KSIC,C17121,KSIC CODE,신문용지 제조업
375,KSIC,C17122,KSIC CODE,인쇄용 및 필기용 원지 제조업
376,KSIC,C17123,KSIC CODE,크라프트지 및 상자용 판지 제조업
377,KSIC,C17124,KSIC CODE,"적층, 합성 및 특수 표면처리 종이 제조업"
378,KSIC,C17125,KSIC CODE,위생용 원지 제조업
379,KSIC,C17129,KSIC CODE,기타 종이 및 판지 제조업
380,KSIC,C172,KSIC CODE,"골판지, 종이 상자 및 종이 용기 제조업"
381,KSIC,C1721,KSIC CODE,골판지 및 골판지 가공제품 제조업
382,KSIC,C17210,KSIC CODE,골판지 및 골판지 가공제품 제조업
383,KSIC,C17211,KSIC CODE,골판지 제조업
384,KSIC,C17212,KSIC CODE,골판지 상자 및 가공제품 제조업
385,KSIC,C1722,KSIC CODE,"종이 포대, 판지 상자 및 종이 용기 제조업"
386,KSIC,C17221,KSIC CODE,종이 포대 및 가방 제조업
387,KSIC,C17222,KSIC CODE,판지 상자 및 용기 제조업
388,KSIC,C17223,KSIC CODE,식품 위생용 종이 상자 및 용기 제조업
389,KSIC,C17229,KSIC CODE,기타 종이 상자 및 용기 제조업
390,KSIC,C179,KSIC CODE,기타 종이 및 판지 제품 제조업
391,KSIC,C1790,KSIC CODE,기타 종이 및 판지 제품 제조업
392,KSIC,C17901,KSIC CODE,문구용 종이제품 제조업
393,KSIC,C17902,KSIC CODE,위생용 종이제품 제조업
394,KSIC,C17903,KSIC CODE,벽지 및 장판지 제조업
395,KSIC,C17909,KSIC CODE,그 외 기타 종이 및 판지 제품 제조업
