﻿,산업분류 구분,산업분류코드,산업분류 구분명,산업분류명
1038,KSIC,E38,KSIC CODE,"폐기물 수집, 운반, 처리 및 원료 재생업"
1039,KSIC,E381,KSIC CODE,"폐기물 수집, 운반업"
1040,KSIC,E3811,KSIC CODE,"지정 외 폐기물 수집, 운반업"
1041,KSIC,E38110,KSIC CODE,"지정 외 폐기물 수집, 운반업"
1042,KSIC,E3812,KSIC CODE,"지정 폐기물 수집, 운반업"
1043,KSIC,E38120,KSIC CODE,"지정 폐기물 수집, 운반업"
1044,KSIC,E3813,KSIC CODE,"건설 폐기물 수집, 운반업"
1045,KSIC,E38130,KSIC CODE,"건설 폐기물 수집, 운반업"
1046,KSIC,E382,KSIC CODE,폐기물 처리업
1047,KSIC,E3821,KSIC CODE,지정 외 폐기물 처리업
1048,KSIC,E38210,KSIC CODE,지정 외 폐기물 처리업
1049,KSIC,E3822,KSIC CODE,지정 폐기물 처리업
1050,KSIC,E38220,KSIC CODE,지정 폐기물 처리업
1051,KSIC,E3823,KSIC CODE,건설 폐기물 처리업
1052,KSIC,E38230,KSIC CODE,건설 폐기물 처리업
1053,KSIC,E3824,KSIC CODE,"방사성 폐기물 수집, 운반 및 처리업"
1054,KSIC,E38240,KSIC CODE,"방사성 폐기물 수집, 운반 및 처리업"
1055,KSIC,E383,KSIC CODE,"해체, 선별 및 원료 재생업"
1056,KSIC,E3831,KSIC CODE,"금속류 해체, 선별 및 원료 재생업"
1057,KSIC,E38310,KSIC CODE,"금속류 해체, 선별 및 원료 재생업"
1058,KSIC,E38311,KSIC CODE,금속류 해체 및 선별업
1059,KSIC,E38312,KSIC CODE,금속류 원료 재생업
1060,KSIC,E3832,KSIC CODE,"비금속류 해체, 선별 및 원료 재생업"
1061,KSIC,E38321,KSIC CODE,비금속류 해체 및 선별업
1062,KSIC,E38322,KSIC CODE,비금속류 원료 재생업
