﻿,산업분류 구분,산업분류코드,산업분류 구분명,산업분류명
2090,KSIC,S94,KSIC CODE,협회 및 단체
2091,KSIC,S941,KSIC CODE,산업 및 전문가 단체
2092,KSIC,S9411,KSIC CODE,산업 단체
2093,KSIC,S94110,KSIC CODE,산업 단체
2094,KSIC,S9412,KSIC CODE,전문가 단체
2095,KSIC,S94120,KSIC CODE,전문가 단체
2096,KSIC,S942,KSIC CODE,노동조합
2097,KSIC,S9420,KSIC CODE,노동조합
2098,KSIC,S94200,KSIC CODE,노동조합
2099,KSIC,S949,KSIC CODE,기타 협회 및 단체
2100,KSIC,S9491,KSIC CODE,종교 단체
2101,KSIC,S94911,KSIC CODE,불교 단체
2102,KSIC,S94912,KSIC CODE,기독교 단체
2103,KSIC,S94913,KSIC CODE,천주교 단체
2104,KSIC,S94914,KSIC CODE,민족 종교 단체
2105,KSIC,S94919,KSIC CODE,기타 종교 단체
2106,KSIC,S9492,KSIC CODE,정치 단체
2107,KSIC,S94920,KSIC CODE,정치 단체
2108,KSIC,S9493,KSIC CODE,시민운동 단체
2109,KSIC,S94931,KSIC CODE,환경운동 단체
2110,KSIC,S94939,KSIC CODE,기타 시민운동 단체
2111,KSIC,S9499,KSIC CODE,그 외 기타 협회 및 단체
2112,KSIC,S94990,KSIC CODE,그 외 기타 협회 및 단체
