﻿,산업분류 구분,산업분류코드,산업분류 구분명,산업분류명
1030,KSIC,E37,KSIC CODE,"하수, 폐수 및 분뇨 처리업"
1031,KSIC,E370,KSIC CODE,"하수, 폐수 및 분뇨 처리업"
1032,KSIC,E3701,KSIC CODE,하수 및 폐수 처리업
1033,KSIC,E37011,KSIC CODE,하수 처리업
1034,KSIC,E37012,KSIC CODE,폐수 처리업
1035,KSIC,E3702,KSIC CODE,분뇨 처리업
1036,KSIC,E37021,KSIC CODE,사람 분뇨 처리업
1037,KSIC,E37022,KSIC CODE,축산 분뇨 처리업
