﻿,산업분류 구분,산업분류코드,산업분류 구분명,산업분류명
1165,KSIC,G46,KSIC CODE,도매 및 상품 중개업
1166,KSIC,G461,KSIC CODE,상품 중개업
1167,KSIC,G4610,KSIC CODE,상품 중개업
1168,KSIC,G46101,KSIC CODE,"산업용 농ㆍ축산물, 섬유 원료 및 동물 중개업"
1169,KSIC,G46102,KSIC CODE,음ㆍ식료품 및 담배 중개업
1170,KSIC,G46103,KSIC CODE,"섬유, 의복, 신발 및 가죽제품 중개업"
1171,KSIC,G46104,KSIC CODE,목재 및 건축자재 중개업
1172,KSIC,G46105,KSIC CODE,"연료, 광물, 1차 금속, 비료 및 화학제품 중개업"
1173,KSIC,G46106,KSIC CODE,기계 및 장비 중개업
1174,KSIC,G46107,KSIC CODE,그 외 기타 특정 상품 중개업
1175,KSIC,G46109,KSIC CODE,상품 종합 중개업
1176,KSIC,G462,KSIC CODE,산업용 농ㆍ축산물 및 동ㆍ식물 도매업
1177,KSIC,G4620,KSIC CODE,산업용 농ㆍ축산물 및 동ㆍ식물 도매업
1178,KSIC,G46200,KSIC CODE,산업용 농ㆍ축산물 및 동ㆍ식물 도매업
1179,KSIC,G46201,KSIC CODE,곡물 및 유지작물 도매업
1180,KSIC,G46202,KSIC CODE,종자 및 묘목 도매업
1181,KSIC,G46203,KSIC CODE,사료 도매업
1182,KSIC,G46204,KSIC CODE,화훼류 및 식물 도매업
1183,KSIC,G46205,KSIC CODE,육지 동물 및 애완 동물 도매업
1184,KSIC,G46209,KSIC CODE,기타 산업용 농산물 도매업
1185,KSIC,G463,KSIC CODE,음ㆍ식료품 및 담배 도매업
1186,KSIC,G4631,KSIC CODE,신선 식품 및 단순 가공 식품 도매업
1187,KSIC,G46311,KSIC CODE,과실류 도매업
1188,KSIC,G46312,KSIC CODE,"채소류, 서류 및 향신작물류 도매업"
1189,KSIC,G46313,KSIC CODE,육류 도매업
1190,KSIC,G46314,KSIC CODE,건어물 및 젓갈류 도매업
1191,KSIC,G46315,KSIC CODE,"신선, 냉동 및 기타 수산물 도매업"
1192,KSIC,G46319,KSIC CODE,기타 신선 식품 및 단순 가공 식품 도매업
1193,KSIC,G4632,KSIC CODE,가공식품 도매업
1194,KSIC,G46320,KSIC CODE,가공식품 도매업
1195,KSIC,G46321,KSIC CODE,육류 가공식품 도매업
1196,KSIC,G46322,KSIC CODE,수산물 가공식품 도매업
1197,KSIC,G46323,KSIC CODE,"빵류, 과자류, 당류, 초콜릿 도매업"
1198,KSIC,G46324,KSIC CODE,낙농품 및 동ㆍ식물성 유지 도매업
1199,KSIC,G46325,KSIC CODE,커피 및 차류 도매업
1200,KSIC,G46326,KSIC CODE,조미료 도매업
1201,KSIC,G46329,KSIC CODE,기타 가공식품 도매업
1202,KSIC,G4633,KSIC CODE,음료 및 담배 도매업
1203,KSIC,G46331,KSIC CODE,주류 도매업
1204,KSIC,G46332,KSIC CODE,비알코올 음료 도매업
1205,KSIC,G46333,KSIC CODE,담배 도매업
1206,KSIC,G464,KSIC CODE,생활용품 도매업
1207,KSIC,G46400,KSIC CODE,생활용품 도매업
1208,KSIC,G4641,KSIC CODE,"생활용 섬유제품, 의복, 의복 액세서리 및 모피제품 도매업"
1209,KSIC,G46411,KSIC CODE,생활용 섬유 및 실 도매업
1210,KSIC,G46412,KSIC CODE,커튼 및 침구용품 도매업
1211,KSIC,G46413,KSIC CODE,남녀용 겉옷 및 셔츠 도매업
1212,KSIC,G46414,KSIC CODE,유아용 의류 도매업
1213,KSIC,G46415,KSIC CODE,속옷 및 잠옷 도매업
1214,KSIC,G46416,KSIC CODE,가죽 및 모피 제품 도매업
1215,KSIC,G46417,KSIC CODE,의복 액세서리 및 모조 장신구 도매업
1216,KSIC,G46419,KSIC CODE,기타 생활용 섬유 및 직물 제품 도매업
1217,KSIC,G4642,KSIC CODE,신발 도매업
1218,KSIC,G46420,KSIC CODE,신발 도매업
1219,KSIC,G4643,KSIC CODE,"생활용 가구, 조명기구 및 비전기식 생활용기기 도매업"
1220,KSIC,G46431,KSIC CODE,생활용 가구 도매업
1221,KSIC,G46432,KSIC CODE,"전구, 램프 및 조명장치 도매업"
1222,KSIC,G46433,KSIC CODE,생활용 유리ㆍ요업ㆍ목재ㆍ금속 제품 및 날붙이 도매업
1223,KSIC,G46439,KSIC CODE,기타 비전기식 생활용 기기 및 기구 도매업
1224,KSIC,G4644,KSIC CODE,"의약품, 의료용품 및 화장품 도매업"
1225,KSIC,G46441,KSIC CODE,의약품 도매업
1226,KSIC,G46442,KSIC CODE,의료용품 도매업
1227,KSIC,G46443,KSIC CODE,화장품 및 화장용품 도매업
1228,KSIC,G46444,KSIC CODE,비누 및 세정제 도매업
1229,KSIC,G4645,KSIC CODE,"생활용 포장ㆍ위생용품, 문구용품 및 출판 인쇄물 도매업"
1230,KSIC,G46451,KSIC CODE,"생활용 포장 및 위생용품, 봉투 및 유사 제품 도매업"
1231,KSIC,G46452,KSIC CODE,"문구용품, 회화용품, 사무용품 도매업"
1232,KSIC,G46453,KSIC CODE,"서적, 잡지 및 기타 인쇄물 도매업"
1233,KSIC,G4646,KSIC CODE,"음반 및 비디오물, 악기, 오락 및 경기용품 도매업"
1234,KSIC,G46461,KSIC CODE,음반 및 비디오물 도매업
1235,KSIC,G46462,KSIC CODE,악기 도매업
1236,KSIC,G46463,KSIC CODE,"장난감 및 취미, 오락용품 도매업"
1237,KSIC,G46464,KSIC CODE,운동 및 경기용품 도매업
1238,KSIC,G46465,KSIC CODE,자전거 및 기타 운송장비 도매업
1239,KSIC,G4649,KSIC CODE,"가방, 시계, 안경 및 기타 생활용품 도매업"
1240,KSIC,G46491,KSIC CODE,가방 및 보호용 케이스 도매업
1241,KSIC,G46492,KSIC CODE,시계 및 귀금속 제품 도매업
1242,KSIC,G46493,KSIC CODE,"안경, 사진장비 및 광학용품 도매업"
1243,KSIC,G46499,KSIC CODE,그 외 기타 생활용품 도매업
1244,KSIC,G465,KSIC CODE,기계장비 및 관련 물품 도매업
1245,KSIC,G4651,KSIC CODE,"컴퓨터 및 주변장치, 소프트웨어 도매업"
1246,KSIC,G46510,KSIC CODE,"컴퓨터 및 주변장치, 소프트웨어 도매업"
1247,KSIC,G4652,KSIC CODE,"가전제품, 통신장비 및 부품 도매업"
1248,KSIC,G46521,KSIC CODE,가전제품 및 부품 도매업
1249,KSIC,G46522,KSIC CODE,통신ㆍ방송장비 및 부품 도매업
1250,KSIC,G4653,KSIC CODE,산업용 기계 및 장비 도매업
1251,KSIC,G46531,KSIC CODE,농림업용 기계 및 장비 도매업
1252,KSIC,G46532,KSIC CODE,건설ㆍ광업용 기계 및 장비 도매업
1253,KSIC,G46533,KSIC CODE,공작용 기계 및 장비 도매업
1254,KSIC,G46539,KSIC CODE,기타 산업용 기계 및 장비 도매업
1255,KSIC,G4659,KSIC CODE,기타 기계 및 장비 도매업
1256,KSIC,G46591,KSIC CODE,사무용 가구 및 기기 도매업
1257,KSIC,G46592,KSIC CODE,의료 기기 도매업
1258,KSIC,G46593,KSIC CODE,정밀 기기 및 과학 기기 도매업
1259,KSIC,G46594,KSIC CODE,수송용 운송장비 도매업
1260,KSIC,G46595,KSIC CODE,전기용 기계ㆍ장비 및 관련 기자재 도매업
1261,KSIC,G46596,KSIC CODE,전지 및 케이블 도매업
1262,KSIC,G46599,KSIC CODE,그 외 기타 기계 및 장비 도매업
1263,KSIC,G466,KSIC CODE,"건축 자재, 철물 및 난방장치 도매업"
1264,KSIC,G4661,KSIC CODE,일반 건축자재 도매업
1265,KSIC,G46611,KSIC CODE,원목 및 건축관련 목제품 도매업
1266,KSIC,G46612,KSIC CODE,"골재, 벽돌 및 시멘트 도매업"
1267,KSIC,G46613,KSIC CODE,유리 및 창호 도매업
1268,KSIC,G4662,KSIC CODE,"냉ㆍ난방장치 및 철물, 수공구 도매업"
1269,KSIC,G46621,KSIC CODE,배관 및 냉ㆍ난방장치 도매업
1270,KSIC,G46622,KSIC CODE,"철물, 금속 파스너 및 수공구 도매업"
1271,KSIC,G4669,KSIC CODE,기타 건축자재 도매업
1272,KSIC,G46691,KSIC CODE,도료 도매업
1273,KSIC,G46692,KSIC CODE,벽지 및 장판류 도매업
1274,KSIC,G46699,KSIC CODE,그 외 기타 건축자재 도매업
1275,KSIC,G467,KSIC CODE,기타 전문 도매업
1276,KSIC,G46700,KSIC CODE,기타 전문 도매업
1277,KSIC,G4671,KSIC CODE,"연료, 연료용 광물 및 관련제품 도매업"
1278,KSIC,G46711,KSIC CODE,고체 연료 및 관련제품 도매업
1279,KSIC,G46712,KSIC CODE,액체 연료 및 관련제품 도매업
1280,KSIC,G46713,KSIC CODE,기체 연료 및 관련제품 도매업
1281,KSIC,G4672,KSIC CODE,1차 금속제품 및 금속광물 도매업
1282,KSIC,G46721,KSIC CODE,1차 금속제품 도매업
1283,KSIC,G46722,KSIC CODE,금속광물 도매업
1284,KSIC,G4673,KSIC CODE,화학 물질 및 화학제품 도매업
1285,KSIC,G46731,KSIC CODE,"염료, 안료 및 관련제품 도매업"
1286,KSIC,G46732,KSIC CODE,비료 및 농약 도매업
1287,KSIC,G46733,KSIC CODE,플라스틱 물질 및 합성고무 도매업
1288,KSIC,G46739,KSIC CODE,기타 화학 물질 및 화학제품 도매업
1289,KSIC,G4674,KSIC CODE,"방직용 섬유, 실 및 직물 도매업"
1290,KSIC,G46741,KSIC CODE,방직용 섬유 및 실 도매업
1291,KSIC,G46742,KSIC CODE,직물 도매업
1292,KSIC,G4675,KSIC CODE,"종이 원지, 판지, 종이상자 도매업"
1293,KSIC,G46750,KSIC CODE,"종이 원지, 판지, 종이상자 도매업"
1294,KSIC,G4679,KSIC CODE,재생용 재료 및 기타 상품 전문 도매업
1295,KSIC,G46791,KSIC CODE,재생용 재료 수집 및 판매업
1296,KSIC,G46799,KSIC CODE,그 외 기타 상품 전문 도매업
1297,KSIC,G468,KSIC CODE,상품 종합 도매업
1298,KSIC,G4680,KSIC CODE,상품 종합 도매업
1299,KSIC,G46800,KSIC CODE,상품 종합 도매업
