﻿,산업분류 구분,산업분류코드,산업분류 구분명,산업분류명
1590,KSIC,J60,KSIC CODE,방송업
1591,KSIC,J601,KSIC CODE,라디오 방송업
1592,KSIC,J6010,KSIC CODE,라디오 방송업
1593,KSIC,J60100,KSIC CODE,라디오 방송업
1594,KSIC,J602,KSIC CODE,텔레비전 방송업
1595,KSIC,J6021,KSIC CODE,지상파 방송업
1596,KSIC,J60210,KSIC CODE,지상파 방송업
1597,KSIC,J6022,KSIC CODE,"유선, 위성 및 기타 방송업"
1598,KSIC,J60221,KSIC CODE,프로그램 공급업
1599,KSIC,J60222,KSIC CODE,유선 방송업
1600,KSIC,J60229,KSIC CODE,위성 및 기타 방송업
