﻿,산업분류 구분,산업분류코드,산업분류 구분명,산업분류명
1879,KSIC,O84,KSIC CODE,"공공 행정, 국방 및 사회보장 행정"
1880,KSIC,O841,KSIC CODE,입법 및 일반 정부 행정
1881,KSIC,O8411,KSIC CODE,일반 공공 행정
1882,KSIC,O84111,KSIC CODE,입법기관
1883,KSIC,O84112,KSIC CODE,중앙 최고 집행기관
1884,KSIC,O84113,KSIC CODE,지방행정 집행기관
1885,KSIC,O84114,KSIC CODE,재정 및 경제정책 행정
1886,KSIC,O84119,KSIC CODE,기타 일반 공공 행정
1887,KSIC,O8412,KSIC CODE,정부기관 일반 보조 행정
1888,KSIC,O84120,KSIC CODE,정부기관 일반 보조 행정
1889,KSIC,O842,KSIC CODE,사회 및 산업정책 행정
1890,KSIC,O8421,KSIC CODE,사회서비스 관리 행정
1891,KSIC,O84211,KSIC CODE,교육 행정
1892,KSIC,O84212,KSIC CODE,문화 및 관광 행정
1893,KSIC,O84213,KSIC CODE,환경 행정
1894,KSIC,O84214,KSIC CODE,보건 및 복지 행정
1895,KSIC,O84219,KSIC CODE,기타 사회서비스 관리 행정
1896,KSIC,O8422,KSIC CODE,노동 및 산업 진흥 행정
1897,KSIC,O84221,KSIC CODE,노동 행정
1898,KSIC,O84222,KSIC CODE,농림수산 행정
1899,KSIC,O84223,KSIC CODE,건설 및 운송 행정
1900,KSIC,O84224,KSIC CODE,우편 및 통신 행정
1901,KSIC,O84229,KSIC CODE,기타 산업 진흥 행정
1902,KSIC,O843,KSIC CODE,외무 및 국방 행정
1903,KSIC,O8431,KSIC CODE,외무 행정
1904,KSIC,O84310,KSIC CODE,외무 행정
1905,KSIC,O8432,KSIC CODE,국방 행정
1906,KSIC,O84320,KSIC CODE,국방 행정
1907,KSIC,O844,KSIC CODE,사법 및 공공 질서 행정
1908,KSIC,O8440,KSIC CODE,사법 및 공공 질서 행정
1909,KSIC,O84401,KSIC CODE,법원
1910,KSIC,O84402,KSIC CODE,검찰
1911,KSIC,O84403,KSIC CODE,교도기관
1912,KSIC,O84404,KSIC CODE,경찰
1913,KSIC,O84405,KSIC CODE,소방서
1914,KSIC,O84409,KSIC CODE,기타 사법 및 공공 질서 행정
1915,KSIC,O845,KSIC CODE,사회보장 행정
1916,KSIC,O8450,KSIC CODE,사회보장 행정
1917,KSIC,O84500,KSIC CODE,사회보장 행정
1918,KSIC,P,KSIC CODE,교육 서비스업(85)
