﻿,산업분류 구분,산업분류코드,산업분류 구분명,산업분류명
331,KSIC,C15,KSIC CODE,"가죽, 가방 및 신발 제조업"
332,KSIC,C151,KSIC CODE,"가죽, 가방 및 유사 제품 제조업"
333,KSIC,C1511,KSIC CODE,모피 및 가죽 제조업
334,KSIC,C15110,KSIC CODE,모피 및 가죽 제조업
335,KSIC,C1512,KSIC CODE,"핸드백, 가방 및 기타 보호용 케이스 제조업"
336,KSIC,C15121,KSIC CODE,핸드백 및 지갑 제조업
337,KSIC,C15129,KSIC CODE,가방 및 기타 보호용 케이스 제조업
338,KSIC,C1519,KSIC CODE,기타 가죽제품 제조업
339,KSIC,C15190,KSIC CODE,기타 가죽제품 제조업
340,KSIC,C152,KSIC CODE,신발 및 신발 부분품 제조업
341,KSIC,C1521,KSIC CODE,신발 제조업
342,KSIC,C15211,KSIC CODE,구두류 제조업
343,KSIC,C15219,KSIC CODE,기타 신발 제조업
344,KSIC,C1522,KSIC CODE,신발 부분품 제조업
345,KSIC,C15220,KSIC CODE,신발 부분품 제조업
