﻿,산업분류 구분,산업분류코드,산업분류 구분명,산업분류명
946,KSIC,C32,KSIC CODE,가구 제조업
947,KSIC,C320,KSIC CODE,가구 제조업
948,KSIC,C32000,KSIC CODE,가구 제조업
949,KSIC,C3201,KSIC CODE,침대 및 내장 가구 제조업
950,KSIC,C32011,KSIC CODE,매트리스 및 침대 제조업
951,KSIC,C32019,KSIC CODE,소파 및 기타 내장 가구 제조업
952,KSIC,C3202,KSIC CODE,목재 가구 제조업
953,KSIC,C32021,KSIC CODE,주방용 및 음식점용 목재 가구 제조업
954,KSIC,C32029,KSIC CODE,기타 목재 가구 제조업
955,KSIC,C3209,KSIC CODE,기타 가구 제조업
956,KSIC,C32091,KSIC CODE,금속 가구 제조업
957,KSIC,C32099,KSIC CODE,그 외 기타 가구 제조업
