﻿,산업분류 구분,산업분류코드,산업분류 구분명,산업분류명
486,KSIC,C22,KSIC CODE,고무 및 플라스틱제품 제조업
487,KSIC,C221,KSIC CODE,고무제품 제조업
488,KSIC,C2211,KSIC CODE,고무 타이어 및 튜브 생산업
489,KSIC,C22111,KSIC CODE,타이어 및 튜브 제조업
490,KSIC,C22112,KSIC CODE,타이어 재생업
491,KSIC,C2219,KSIC CODE,기타 고무제품 제조업
492,KSIC,C22190,KSIC CODE,기타 고무제품 제조업
493,KSIC,C22191,KSIC CODE,고무 패킹류 제조업
494,KSIC,C22192,KSIC CODE,산업용 그 외 비경화 고무제품 제조업
495,KSIC,C22193,KSIC CODE,고무 의류 및 기타 위생용 비경화 고무제품 제조업
496,KSIC,C22199,KSIC CODE,그 외 기타 고무제품 제조업
497,KSIC,C222,KSIC CODE,플라스틱 제품 제조업
498,KSIC,C2221,KSIC CODE,1차 플라스틱제품 제조업
499,KSIC,C22211,KSIC CODE,"플라스틱 선, 봉, 관 및 호스 제조업"
500,KSIC,C22212,KSIC CODE,플라스틱 필름 제조업
501,KSIC,C22213,KSIC CODE,플라스틱 시트 및 판 제조업
502,KSIC,C22214,KSIC CODE,플라스틱 합성피혁 제조업
503,KSIC,C2222,KSIC CODE,건축용 플라스틱제품 제조업
504,KSIC,C22221,KSIC CODE,벽 및 바닥 피복용 플라스틱 제품 제조업
505,KSIC,C22222,KSIC CODE,설치용 및 위생용 플라스틱제품 제조업
506,KSIC,C22223,KSIC CODE,플라스틱 창호 제조업
507,KSIC,C22229,KSIC CODE,기타 건축용 플라스틱 조립제품 제조업
508,KSIC,C2223,KSIC CODE,포장용 플라스틱제품 제조업
509,KSIC,C22230,KSIC CODE,포장용 플라스틱제품 제조업
510,KSIC,C22231,KSIC CODE,"플라스틱 포대, 봉투 및 유사제품 제조업"
511,KSIC,C22232,KSIC CODE,포장용 플라스틱 성형용기 제조업
512,KSIC,C2224,KSIC CODE,기계장비 조립용 플라스틱제품 제조업
513,KSIC,C22240,KSIC CODE,기계장비 조립용 플라스틱제품 제조업
514,KSIC,C22241,KSIC CODE,운송장비 조립용 플라스틱제품 제조업
515,KSIC,C22249,KSIC CODE,기타 기계ㆍ장비 조립용 플라스틱제품 제조업
516,KSIC,C2225,KSIC CODE,플라스틱 발포 성형제품 제조업
517,KSIC,C22250,KSIC CODE,플라스틱 발포 성형제품 제조업
518,KSIC,C22251,KSIC CODE,폴리스티렌 발포 성형제품 제조업
519,KSIC,C22259,KSIC CODE,기타 플라스틱 발포 성형제품 제조업
520,KSIC,C2229,KSIC CODE,기타 플라스틱 제품 제조업
521,KSIC,C22290,KSIC CODE,기타 플라스틱 제품 제조업
522,KSIC,C22291,KSIC CODE,플라스틱 접착처리 제품 제조업
523,KSIC,C22292,KSIC CODE,"플라스틱 적층, 도포 및 기타 표면처리 제품 제조업"
524,KSIC,C22299,KSIC CODE,그 외 기타 플라스틱 제품 제조업
