﻿,산업분류 구분,산업분류코드,산업분류 구분명,산업분류명
1765,KSIC,M72,KSIC CODE,"건축 기술, 엔지니어링 및 기타 과학기술 서비스업"
1766,KSIC,M721,KSIC CODE,"건축 기술, 엔지니어링 및 관련 기술 서비스업"
1767,KSIC,M7211,KSIC CODE,건축 및 조경 설계 서비스업
1768,KSIC,M72110,KSIC CODE,건축 및 조경 설계 서비스업
1769,KSIC,M72111,KSIC CODE,건축 설계 및 관련 서비스업
1770,KSIC,M72112,KSIC CODE,도시 계획 및 조경 설계 서비스업
1771,KSIC,M7212,KSIC CODE,엔지니어링 서비스업
1772,KSIC,M72120,KSIC CODE,엔지니어링 서비스업
1773,KSIC,M72121,KSIC CODE,건물 및 토목 엔지니어링 서비스업
1774,KSIC,M72122,KSIC CODE,환경 관련 엔지니어링 서비스업
1775,KSIC,M72129,KSIC CODE,기타 엔지니어링 서비스업
1776,KSIC,M729,KSIC CODE,기타 과학기술 서비스업
1777,KSIC,M7291,KSIC CODE,"기술 시험, 검사 및 분석업"
1778,KSIC,M72911,KSIC CODE,물질 성분 검사 및 분석업
1779,KSIC,M72919,KSIC CODE,"기타 기술 시험, 검사 및 분석업"
1780,KSIC,M7292,KSIC CODE,"측량, 지질 조사 및 지도 제작업"
1781,KSIC,M72921,KSIC CODE,측량업
1782,KSIC,M72922,KSIC CODE,제도업
1783,KSIC,M72923,KSIC CODE,지질 조사 및 탐사업
1784,KSIC,M72924,KSIC CODE,지도 제작업
