﻿,산업분류 구분,산업분류코드,산업분류 구분명,산업분류명
2113,KSIC,S95,KSIC CODE,개인 및 소비용품 수리업
2114,KSIC,S951,KSIC CODE,컴퓨터 및 통신장비 수리업
2115,KSIC,S9511,KSIC CODE,컴퓨터 및 주변 기기 수리업
2116,KSIC,S95110,KSIC CODE,컴퓨터 및 주변 기기 수리업
2117,KSIC,S9512,KSIC CODE,통신장비 수리업
2118,KSIC,S95120,KSIC CODE,통신장비 수리업
2119,KSIC,S952,KSIC CODE,자동차 및 모터사이클 수리업
2120,KSIC,S9521,KSIC CODE,자동차 수리 및 세차업
2121,KSIC,S95211,KSIC CODE,자동차 종합 수리업
2122,KSIC,S95212,KSIC CODE,자동차 전문 수리업
2123,KSIC,S95213,KSIC CODE,자동차 세차업
2124,KSIC,S9522,KSIC CODE,모터사이클 수리업
2125,KSIC,S95220,KSIC CODE,모터사이클 수리업
2126,KSIC,S953,KSIC CODE,개인 및 가정용품 수리업
2127,KSIC,S9531,KSIC CODE,가전제품 수리업
2128,KSIC,S95310,KSIC CODE,가전제품 수리업
2129,KSIC,S9539,KSIC CODE,기타 개인 및 가정용품 수리업
2130,KSIC,S95391,KSIC CODE,의복 및 기타 가정용 직물제품 수리업
2131,KSIC,S95392,KSIC CODE,"가죽, 가방 및 신발 수리업"
2132,KSIC,S95393,KSIC CODE,"시계, 귀금속 및 악기 수리업"
2133,KSIC,S95399,KSIC CODE,그 외 기타 개인 및 가정용품 수리업
