﻿,산업분류 구분,산업분류코드,산업분류 구분명,산업분류명
958,KSIC,C33,KSIC CODE,기타 제품 제조업
959,KSIC,C331,KSIC CODE,귀금속 및 장신용품 제조업
960,KSIC,C3311,KSIC CODE,귀금속 및 관련제품 제조업
961,KSIC,C33110,KSIC CODE,귀금속 및 관련제품 제조업
962,KSIC,C3312,KSIC CODE,모조 귀금속 및 모조 장신용품 제조업
963,KSIC,C33120,KSIC CODE,모조 귀금속 및 모조 장신용품 제조업
964,KSIC,C332,KSIC CODE,악기 제조업
965,KSIC,C3320,KSIC CODE,악기 제조업
966,KSIC,C33201,KSIC CODE,건반 악기 제조업
967,KSIC,C33202,KSIC CODE,전자 악기 제조업
968,KSIC,C33209,KSIC CODE,기타 악기 제조업
969,KSIC,C333,KSIC CODE,운동 및 경기용구 제조업
970,KSIC,C3330,KSIC CODE,운동 및 경기용구 제조업
971,KSIC,C33300,KSIC CODE,운동 및 경기용구 제조업
972,KSIC,C33301,KSIC CODE,"체조, 육상 및 체력 단련용 장비 제조업"
973,KSIC,C33302,KSIC CODE,놀이터용 장비 제조업
974,KSIC,C33303,KSIC CODE,낚시 및 수렵용구 제조업
975,KSIC,C33309,KSIC CODE,기타 운동 및 경기용구 제조업
976,KSIC,C334,KSIC CODE,"인형, 장난감 및 오락용품 제조업"
977,KSIC,C3340,KSIC CODE,"인형, 장난감 및 오락용품 제조업"
978,KSIC,C33401,KSIC CODE,인형 및 장난감 제조업
979,KSIC,C33402,KSIC CODE,영상게임기 제조업
980,KSIC,C33409,KSIC CODE,기타 오락용품 제조업
981,KSIC,C339,KSIC CODE,그 외 기타 제품 제조업
982,KSIC,C33900,KSIC CODE,그 외 기타 제품 제조업
983,KSIC,C3391,KSIC CODE,간판 및 광고물 제조업
984,KSIC,C33910,KSIC CODE,간판 및 광고물 제조업
985,KSIC,C3392,KSIC CODE,사무 및 회화용품 제조업
986,KSIC,C33920,KSIC CODE,사무 및 회화용품 제조업
987,KSIC,C3393,KSIC CODE,"가발, 장식용품 및 전시용 모형 제조업"
988,KSIC,C33931,KSIC CODE,가발 및 유사 제품 제조업
989,KSIC,C33932,KSIC CODE,전시용 모형 제조업
990,KSIC,C33933,KSIC CODE,표구 처리업
991,KSIC,C3399,KSIC CODE,그 외 기타 분류 안된 제품 제조업
992,KSIC,C33990,KSIC CODE,그 외 기타 분류 안된 제품 제조업
993,KSIC,C33991,KSIC CODE,단추 및 유사 파스너 제조업
994,KSIC,C33992,KSIC CODE,"라이터, 연소물 및 흡연용품 제조업"
995,KSIC,C33993,KSIC CODE,비 및 솔 제조업
996,KSIC,C33999,KSIC CODE,그 외 기타 달리 분류되지 않은 제품 제조업
