﻿,산업분류 구분,산업분류코드,산업분류 구분명,산업분류명
914,KSIC,C31,KSIC CODE,기타 운송장비 제조업
915,KSIC,C311,KSIC CODE,선박 및 보트 건조업
916,KSIC,C3111,KSIC CODE,선박 및 수상 부유 구조물 건조업
917,KSIC,C31110,KSIC CODE,선박 및 수상 부유 구조물 건조업
918,KSIC,C31111,KSIC CODE,강선 건조업
919,KSIC,C31112,KSIC CODE,합성수지선 건조업
920,KSIC,C31113,KSIC CODE,기타 선박 건조업
921,KSIC,C31114,KSIC CODE,선박 구성 부분품 제조업
922,KSIC,C3112,KSIC CODE,오락 및 스포츠용 보트 건조업
923,KSIC,C31120,KSIC CODE,오락 및 스포츠용 보트 건조업
924,KSIC,C312,KSIC CODE,철도장비 제조업
925,KSIC,C3120,KSIC CODE,철도장비 제조업
926,KSIC,C31200,KSIC CODE,철도장비 제조업
927,KSIC,C31201,KSIC CODE,기관차 및 기타 철도 차량 제조업
928,KSIC,C31202,KSIC CODE,철도 차량 부품 및 관련 장치물 제조업
929,KSIC,C313,KSIC CODE,"항공기, 우주선 및 부품 제조업"
930,KSIC,C31300,KSIC CODE,"항공기, 우주선 및 부품 제조업"
931,KSIC,C3131,KSIC CODE,"항공기, 우주선 및 보조장치 제조업"
932,KSIC,C31311,KSIC CODE,"유인 항공기, 항공 우주선 및 보조장치 제조업"
933,KSIC,C31312,KSIC CODE,무인 항공기 및 무인 비행장치 제조업
934,KSIC,C3132,KSIC CODE,항공기용 엔진 및 부품 제조업
935,KSIC,C31321,KSIC CODE,항공기용 엔진 제조업
936,KSIC,C31322,KSIC CODE,항공기용 부품 제조업
937,KSIC,C319,KSIC CODE,그 외 기타 운송장비 제조업
938,KSIC,C3191,KSIC CODE,전투용 차량 제조업
939,KSIC,C31910,KSIC CODE,전투용 차량 제조업
940,KSIC,C3192,KSIC CODE,모터사이클 제조업
941,KSIC,C31920,KSIC CODE,모터사이클 제조업
942,KSIC,C3199,KSIC CODE,그 외 기타 분류 안된 운송장비 제조업
943,KSIC,C31990,KSIC CODE,그 외 기타 분류 안된 운송장비 제조업
944,KSIC,C31991,KSIC CODE,자전거 및 환자용 차량 제조업
945,KSIC,C31999,KSIC CODE,그 외 기타 달리 분류되지 않은 운송장비 제조업
