﻿,산업분류 구분,산업분류코드,산업분류 구분명,산업분류명
807,KSIC,C29,KSIC CODE,기타 기계 및 장비 제조업
808,KSIC,C291,KSIC CODE,일반 목적용 기계 제조업
809,KSIC,C29100,KSIC CODE,일반 목적용 기계 제조업
810,KSIC,C2911,KSIC CODE,내연기관 및 터빈 제조업; 항공기용 및 차량용 제외
811,KSIC,C29110,KSIC CODE,내연기관 및 터빈 제조업; 항공기용 및 차량용 제외
812,KSIC,C29111,KSIC CODE,내연기관 제조업
813,KSIC,C29119,KSIC CODE,기타 기관 및 터빈 제조업
814,KSIC,C2912,KSIC CODE,유압 기기 제조업
815,KSIC,C29120,KSIC CODE,유압 기기 제조업
816,KSIC,C2913,KSIC CODE,"펌프 및 압축기 제조업; 탭, 밸브 및 유사 장치 제조 포함"
817,KSIC,C29131,KSIC CODE,액체 펌프 제조업
818,KSIC,C29132,KSIC CODE,기체 펌프 및 압축기 제조업
819,KSIC,C29133,KSIC CODE,"탭, 밸브 및 유사 장치 제조업"
820,KSIC,C2914,KSIC CODE,"베어링, 기어 및 동력 전달장치 제조업"
821,KSIC,C29140,KSIC CODE,"베어링, 기어 및 동력 전달장치 제조업"
822,KSIC,C29141,KSIC CODE,구름베어링 제조업
823,KSIC,C29142,KSIC CODE,기어 및 동력전달장치 제조업
824,KSIC,C2915,KSIC CODE,"산업용 오븐, 노 및 노용 버너 제조업"
825,KSIC,C29150,KSIC CODE,"산업용 오븐, 노 및 노용 버너 제조업"
826,KSIC,C2916,KSIC CODE,"산업용 트럭, 승강기 및 물품 취급장비 제조업"
827,KSIC,C29161,KSIC CODE,산업용 트럭 및 적재기 제조업
828,KSIC,C29162,KSIC CODE,승강기 제조업
829,KSIC,C29163,KSIC CODE,컨베이어 장치 제조업
830,KSIC,C29169,KSIC CODE,기타 물품 취급장비 제조업
831,KSIC,C2917,KSIC CODE,"냉각, 공기 조화, 여과, 증류 및 가스 발생기 제조업"
832,KSIC,C29170,KSIC CODE,"냉각, 공기 조화, 여과, 증류 및 가스 발생기 제조업"
833,KSIC,C29171,KSIC CODE,산업용 냉장 및 냉동장비 제조업
834,KSIC,C29172,KSIC CODE,공기 조화장치 제조업
835,KSIC,C29173,KSIC CODE,산업용 송풍기 및 배기장치 제조업
836,KSIC,C29174,KSIC CODE,기체 여과기 제조업
837,KSIC,C29175,KSIC CODE,액체 여과기 제조업
838,KSIC,C29176,KSIC CODE,"증류기, 열 교환기 및 가스 발생기 제조업"
839,KSIC,C2918,KSIC CODE,사무용 기계 및 장비 제조업
840,KSIC,C29180,KSIC CODE,사무용 기계 및 장비 제조업
841,KSIC,C2919,KSIC CODE,기타 일반 목적용 기계 제조업
842,KSIC,C29190,KSIC CODE,기타 일반 목적용 기계 제조업
843,KSIC,C29191,KSIC CODE,일반 저울 제조업
844,KSIC,C29192,KSIC CODE,"용기 세척, 포장 및 충전기 제조업"
845,KSIC,C29193,KSIC CODE,분사기 및 소화기 제조업
846,KSIC,C29194,KSIC CODE,동력식 수지 공구 제조업
847,KSIC,C29195,KSIC CODE,기타 일반 목적용 기계 제조업
848,KSIC,C29199,KSIC CODE,그 외 기타 일반 목적용 기계 제조업
849,KSIC,C292,KSIC CODE,특수 목적용 기계 제조업
850,KSIC,C2921,KSIC CODE,농업 및 임업용 기계 제조업
851,KSIC,C29210,KSIC CODE,농업 및 임업용 기계 제조업
852,KSIC,C2922,KSIC CODE,가공 공작기계 제조업
853,KSIC,C29220,KSIC CODE,가공 공작기계 제조업
854,KSIC,C29221,KSIC CODE,전자 응용 절삭기계 제조업
855,KSIC,C29222,KSIC CODE,디지털 적층 성형기계 제조업
856,KSIC,C29223,KSIC CODE,금속 절삭기계 제조업
857,KSIC,C29224,KSIC CODE,금속 성형기계 제조업
858,KSIC,C29229,KSIC CODE,기타 가공 공작기계 제조업
859,KSIC,C2923,KSIC CODE,금속 주조 및 기타 야금용 기계 제조업
860,KSIC,C29230,KSIC CODE,금속 주조 및 기타 야금용 기계 제조업
861,KSIC,C2924,KSIC CODE,건설 및 광업용 기계장비 제조업
862,KSIC,C29240,KSIC CODE,건설 및 광업용 기계장비 제조업
863,KSIC,C29241,KSIC CODE,건설 및 채광용 기계장비 제조업
864,KSIC,C29242,KSIC CODE,광물 처리 및 취급장비 제조업
865,KSIC,C2925,KSIC CODE,음ㆍ식료품 및 담배 가공기계 제조업
866,KSIC,C29250,KSIC CODE,음ㆍ식료품 및 담배 가공기계 제조업
867,KSIC,C2926,KSIC CODE,"섬유, 의복 및 가죽 가공기계 제조업"
868,KSIC,C29260,KSIC CODE,"섬유, 의복 및 가죽 가공기계 제조업"
869,KSIC,C29261,KSIC CODE,"산업용 섬유 세척, 염색, 정리 및 가공 기계 제조업"
870,KSIC,C29269,KSIC CODE,"기타 섬유, 의복 및 가죽 가공기계 제조업"
871,KSIC,C2927,KSIC CODE,반도체 및 디스플레이 제조용 기계 제조업
872,KSIC,C29271,KSIC CODE,반도체 제조용 기계 제조업
873,KSIC,C29272,KSIC CODE,디스플레이 제조용 기계 제조업
874,KSIC,C2928,KSIC CODE,산업용 로봇 제조업
875,KSIC,C29280,KSIC CODE,산업용 로봇 제조업
876,KSIC,C2929,KSIC CODE,기타 특수 목적용 기계 제조업
877,KSIC,C29290,KSIC CODE,기타 특수 목적용 기계 제조업
878,KSIC,C29291,KSIC CODE,펄프 및 종이 가공용 기계 제조업
879,KSIC,C29292,KSIC CODE,"고무, 화학섬유 및 플라스틱 성형기 제조업"
880,KSIC,C29293,KSIC CODE,인쇄 및 제책용 기계 제조업
881,KSIC,C29294,KSIC CODE,주형 및 금형 제조업
882,KSIC,C29299,KSIC CODE,그 외 기타 특수 목적용 기계 제조업
