﻿,산업분류 구분,산업분류코드,산업분류 구분명,산업분류명
2134,KSIC,S96,KSIC CODE,기타 개인 서비스업
2135,KSIC,S961,KSIC CODE,"미용, 욕탕 및 유사 서비스업"
2136,KSIC,S9611,KSIC CODE,이용 및 미용업
2137,KSIC,S96111,KSIC CODE,이용업
2138,KSIC,S96112,KSIC CODE,두발 미용업
2139,KSIC,S96113,KSIC CODE,피부 미용업
2140,KSIC,S96119,KSIC CODE,기타 미용업
2141,KSIC,S9612,KSIC CODE,"욕탕, 마사지 및 기타 신체 관리 서비스업"
2142,KSIC,S96121,KSIC CODE,욕탕업
2143,KSIC,S96122,KSIC CODE,마사지업
2144,KSIC,S96129,KSIC CODE,체형 등 기타 신체 관리 서비스업
2145,KSIC,S969,KSIC CODE,그 외 기타 개인 서비스업
2146,KSIC,S9691,KSIC CODE,세탁업
2147,KSIC,S96911,KSIC CODE,산업용 세탁업
2148,KSIC,S96912,KSIC CODE,가정용 세탁업
2149,KSIC,S96913,KSIC CODE,세탁물 공급업
2150,KSIC,S9692,KSIC CODE,장례식장 및 관련 서비스업
2151,KSIC,S96921,KSIC CODE,장례식장 및 장의관련 서비스업
2152,KSIC,S96922,KSIC CODE,"화장터 운영, 묘지 분양 및 관리업"
2153,KSIC,S9699,KSIC CODE,그 외 기타 분류 안된 개인 서비스업
2154,KSIC,S96991,KSIC CODE,예식장업
2155,KSIC,S96992,KSIC CODE,점술 및 유사 서비스업
2156,KSIC,S96993,KSIC CODE,개인 간병 및 유사 서비스업
2157,KSIC,S96994,KSIC CODE,결혼 상담 및 준비 서비스업
2158,KSIC,S96995,KSIC CODE,애완 동물 장묘 및 보호 서비스업
2159,KSIC,S96999,KSIC CODE,그 외 기타 달리 분류되지 않은 개인 서비스업
2160,KSIC,T,KSIC CODE,가구 내 고용활동 및 달리 분류되지 않은 자가 소비 생산활동(97~98)
