﻿,산업분류 구분,산업분류코드,산업분류 구분명,산업분류명
1785,KSIC,M73,KSIC CODE,"기타 전문, 과학 및 기술 서비스업"
1786,KSIC,M731,KSIC CODE,수의업
1787,KSIC,M7310,KSIC CODE,수의업
1788,KSIC,M73100,KSIC CODE,수의업
1789,KSIC,M732,KSIC CODE,전문 디자인업
1790,KSIC,M7320,KSIC CODE,전문 디자인업
1791,KSIC,M73201,KSIC CODE,인테리어 디자인업
1792,KSIC,M73202,KSIC CODE,제품 디자인업
1793,KSIC,M73203,KSIC CODE,시각 디자인업
1794,KSIC,M73209,KSIC CODE,"패션, 섬유류 및 기타 전문 디자인업"
1795,KSIC,M733,KSIC CODE,사진 촬영 및 처리업
1796,KSIC,M7330,KSIC CODE,사진 촬영 및 처리업
1797,KSIC,M73301,KSIC CODE,인물 사진 및 행사용 영상 촬영업
1798,KSIC,M73302,KSIC CODE,상업용 사진 촬영업
1799,KSIC,M73303,KSIC CODE,사진 처리업
1800,KSIC,M739,KSIC CODE,"그 외 기타 전문, 과학 및 기술 서비스업"
1801,KSIC,M7390,KSIC CODE,"그 외 기타 전문, 과학 및 기술 서비스업"
1802,KSIC,M73901,KSIC CODE,매니저업
1803,KSIC,M73902,KSIC CODE,번역 및 통역 서비스업
1804,KSIC,M73903,KSIC CODE,사업 및 무형 재산권 중개업
1805,KSIC,M73904,KSIC CODE,"물품 감정, 계량 및 견본 추출업"
1806,KSIC,M73909,KSIC CODE,"그 외 기타 분류 안된 전문, 과학 및 기술 서비스업"
1807,KSIC,N,KSIC CODE,"사업시설 관리, 사업 지원 및 임대 서비스업(74~76)"
