﻿,산업분류 구분,산업분류코드,산업분류 구분명,산업분류명
1680,KSIC,K66,KSIC CODE,금융 및 보험관련 서비스업
1681,KSIC,K661,KSIC CODE,금융 지원 서비스업
1682,KSIC,K6611,KSIC CODE,금융시장 관리업
1683,KSIC,K66110,KSIC CODE,금융시장 관리업
1684,KSIC,K6612,KSIC CODE,증권 및 선물 중개업
1685,KSIC,K66121,KSIC CODE,증권 중개업
1686,KSIC,K66122,KSIC CODE,선물 중개업
1687,KSIC,K6619,KSIC CODE,기타 금융 지원 서비스업
1688,KSIC,K66191,KSIC CODE,"증권 발행, 관리, 보관 및 거래 지원 서비스업"
1689,KSIC,K66192,KSIC CODE,투자 자문업 및 투자 일임업
1690,KSIC,K66199,KSIC CODE,그 외 기타 금융 지원 서비스업
1691,KSIC,K662,KSIC CODE,보험 및 연금관련 서비스업
1692,KSIC,K6620,KSIC CODE,보험 및 연금관련 서비스업
1693,KSIC,K66201,KSIC CODE,손해 사정업
1694,KSIC,K66202,KSIC CODE,보험 대리 및 중개업
1695,KSIC,K66209,KSIC CODE,기타 보험 및 연금관련 서비스업
1696,KSIC,L,KSIC CODE,부동산업(68)
