﻿,산업분류 구분,산업분류코드,산업분류 구분명,산업분류명
619,KSIC,C25,KSIC CODE,금속 가공제품 제조업; 기계 및 가구 제외
620,KSIC,C251,KSIC CODE,"구조용 금속제품, 탱크 및 증기발생기 제조업"
621,KSIC,C2511,KSIC CODE,구조용 금속제품 제조업
622,KSIC,C25110,KSIC CODE,구조용 금속제품 제조업
623,KSIC,C25111,KSIC CODE,"금속 문, 창, 셔터 및 관련제품 제조업"
624,KSIC,C25112,KSIC CODE,구조용 금속 판제품 및 공작물 제조업
625,KSIC,C25113,KSIC CODE,육상 금속 골조 구조재 제조업
626,KSIC,C25114,KSIC CODE,수상 금속 골조 구조재 제조업
627,KSIC,C25119,KSIC CODE,기타 구조용 금속제품 제조업
628,KSIC,C2512,KSIC CODE,"산업용 난방 보일러, 금속탱크 및 유사 용기 제조업"
629,KSIC,C25120,KSIC CODE,"산업용 난방 보일러, 금속탱크 및 유사 용기 제조업"
630,KSIC,C25121,KSIC CODE,산업용 난방보일러 및 방열기 제조업
631,KSIC,C25122,KSIC CODE,금속 탱크 및 저장 용기 제조업
632,KSIC,C25123,KSIC CODE,압축 및 액화 가스 용기 제조업
633,KSIC,C2513,KSIC CODE,핵반응기 및 증기보일러 제조업
634,KSIC,C25130,KSIC CODE,핵반응기 및 증기보일러 제조업
635,KSIC,C252,KSIC CODE,무기 및 총포탄 제조업
636,KSIC,C2520,KSIC CODE,무기 및 총포탄 제조업
637,KSIC,C25200,KSIC CODE,무기 및 총포탄 제조업
638,KSIC,C259,KSIC CODE,기타 금속 가공제품 제조업
639,KSIC,C2591,KSIC CODE,"금속 단조, 압형 및 분말 야금제품 제조업"
640,KSIC,C25911,KSIC CODE,분말 야금제품 제조업
641,KSIC,C25912,KSIC CODE,금속 단조제품 제조업
642,KSIC,C25913,KSIC CODE,자동차용 금속 압형제품 제조업
643,KSIC,C25914,KSIC CODE,그 외 금속 압형제품 제조업
644,KSIC,C2592,KSIC CODE,"금속 열처리, 도금 및 기타 금속 가공업"
645,KSIC,C25921,KSIC CODE,금속 열처리업
646,KSIC,C25922,KSIC CODE,도금업
647,KSIC,C25923,KSIC CODE,도장 및 기타 피막 처리업
648,KSIC,C25924,KSIC CODE,절삭 가공 및 유사 처리업
649,KSIC,C25929,KSIC CODE,그 외 기타 금속 가공업
650,KSIC,C2593,KSIC CODE,"날붙이, 수공구 및 일반 철물 제조업"
651,KSIC,C25930,KSIC CODE,"날붙이, 수공구 및 일반 철물 제조업"
652,KSIC,C25931,KSIC CODE,날붙이 제조업
653,KSIC,C25932,KSIC CODE,일반 철물 제조업
654,KSIC,C25933,KSIC CODE,비동력식 수공구 제조업
655,KSIC,C25934,KSIC CODE,톱 및 호환성 공구 제조업
656,KSIC,C2594,KSIC CODE,"금속 파스너, 스프링 및 금속선 가공제품 제조업"
657,KSIC,C25940,KSIC CODE,"금속 파스너, 스프링 및 금속선 가공제품 제조업"
658,KSIC,C25941,KSIC CODE,볼트 및 너트류 제조업
659,KSIC,C25942,KSIC CODE,그 외 금속 파스너 및 나사제품 제조업
660,KSIC,C25943,KSIC CODE,금속 스프링 제조업
661,KSIC,C25944,KSIC CODE,금속선 가공제품 제조업
662,KSIC,C2599,KSIC CODE,그 외 기타 금속 가공제품 제조업
663,KSIC,C25990,KSIC CODE,그 외 기타 금속 가공제품 제조업
664,KSIC,C25991,KSIC CODE,금속 캔 및 기타 포장용기 제조업
665,KSIC,C25992,KSIC CODE,수동식 식품 가공 기기 및 금속 주방용기 제조업
666,KSIC,C25993,KSIC CODE,금속 위생용품 제조업
667,KSIC,C25994,KSIC CODE,금속 표시판 제조업
668,KSIC,C25995,KSIC CODE,피복 및 충전 용접봉 제조업
669,KSIC,C25999,KSIC CODE,그 외 기타 분류 안된 금속 가공제품 제조업
