﻿,산업분류 구분,산업분류코드,산업분류 구분명,산업분류명
1919,KSIC,P85,KSIC CODE,교육 서비스업
1920,KSIC,P851,KSIC CODE,초등 교육기관
1921,KSIC,P8511,KSIC CODE,유아 교육기관
1922,KSIC,P85110,KSIC CODE,유아 교육기관
1923,KSIC,P8512,KSIC CODE,초등학교
1924,KSIC,P85120,KSIC CODE,초등학교
1925,KSIC,P852,KSIC CODE,중등 교육기관
1926,KSIC,P8521,KSIC CODE,일반 중등 교육기관
1927,KSIC,P85211,KSIC CODE,중학교
1928,KSIC,P85212,KSIC CODE,일반 고등학교
1929,KSIC,P8522,KSIC CODE,특성화 고등학교
1930,KSIC,P85221,KSIC CODE,상업 및 정보산업 특성화 고등학교
1931,KSIC,P85222,KSIC CODE,공업 특성화 고등학교
1932,KSIC,P85229,KSIC CODE,기타 특성화 고등학교
1933,KSIC,P853,KSIC CODE,고등 교육기관
1934,KSIC,P8530,KSIC CODE,고등 교육기관
1935,KSIC,P85301,KSIC CODE,전문대학
1936,KSIC,P85302,KSIC CODE,대학교
1937,KSIC,P85303,KSIC CODE,대학원
1938,KSIC,P854,KSIC CODE,"특수학교, 외국인학교 및 대안학교"
1939,KSIC,P8541,KSIC CODE,특수학교
1940,KSIC,P85410,KSIC CODE,특수학교
1941,KSIC,P8542,KSIC CODE,외국인학교
1942,KSIC,P85420,KSIC CODE,외국인학교
1943,KSIC,P8543,KSIC CODE,대안학교
1944,KSIC,P85430,KSIC CODE,대안학교
1945,KSIC,P855,KSIC CODE,일반 교습학원
1946,KSIC,P8550,KSIC CODE,일반 교습학원
1947,KSIC,P85500,KSIC CODE,일반 교습학원
1948,KSIC,P85501,KSIC CODE,일반 교과학원
1949,KSIC,P85502,KSIC CODE,방문 교육학원
1950,KSIC,P85503,KSIC CODE,온라인 교육학원
1951,KSIC,P856,KSIC CODE,기타 교육기관
1952,KSIC,P8561,KSIC CODE,스포츠 및 레크리에이션 교육기관
1953,KSIC,P85611,KSIC CODE,태권도 및 무술 교육기관
1954,KSIC,P85612,KSIC CODE,기타 스포츠 교육기관
1955,KSIC,P85613,KSIC CODE,레크리에이션 교육기관
1956,KSIC,P85614,KSIC CODE,청소년 수련시설 운영업
1957,KSIC,P8562,KSIC CODE,예술학원
1958,KSIC,P85621,KSIC CODE,음악학원
1959,KSIC,P85622,KSIC CODE,미술학원
1960,KSIC,P85629,KSIC CODE,기타 예술학원
1961,KSIC,P8563,KSIC CODE,외국어학원 및 기타 교습학원
1962,KSIC,P85631,KSIC CODE,외국어학원
1963,KSIC,P85632,KSIC CODE,기타 교습학원
1964,KSIC,P8564,KSIC CODE,사회교육시설
1965,KSIC,P85640,KSIC CODE,사회교육시설
1966,KSIC,P8565,KSIC CODE,직원 훈련기관
1967,KSIC,P85650,KSIC CODE,직원 훈련기관
1968,KSIC,P8566,KSIC CODE,기술 및 직업 훈련학원
1969,KSIC,P85661,KSIC CODE,운전학원
1970,KSIC,P85669,KSIC CODE,기타 기술 및 직업 훈련학원
1971,KSIC,P8569,KSIC CODE,그 외 기타 교육기관
1972,KSIC,P85691,KSIC CODE,컴퓨터 학원
1973,KSIC,P85699,KSIC CODE,그 외 기타 분류 안된 교육기관
1974,KSIC,P857,KSIC CODE,교육 지원 서비스업
1975,KSIC,P8570,KSIC CODE,교육 지원 서비스업
1976,KSIC,P85701,KSIC CODE,교육관련 자문 및 평가업
1977,KSIC,P85709,KSIC CODE,기타 교육지원 서비스업
1978,KSIC,Q,KSIC CODE,보건업 및 사회복지 서비스업(86~87)
