﻿,산업분류 구분,산업분류코드,산업분류 구분명,산업분류명
1638,KSIC,K64,KSIC CODE,금융업
1639,KSIC,K641,KSIC CODE,은행 및 저축기관
1640,KSIC,K6411,KSIC CODE,중앙은행
1641,KSIC,K64110,KSIC CODE,중앙은행
1642,KSIC,K6412,KSIC CODE,일반은행
1643,KSIC,K64121,KSIC CODE,국내은행
1644,KSIC,K64122,KSIC CODE,외국은행
1645,KSIC,K6413,KSIC CODE,신용조합 및 저축기관
1646,KSIC,K64131,KSIC CODE,신용조합
1647,KSIC,K64132,KSIC CODE,상호 저축은행 및 기타 저축기관
1648,KSIC,K642,KSIC CODE,신탁업 및 집합 투자업
1649,KSIC,K6420,KSIC CODE,신탁업 및 집합 투자업
1650,KSIC,K64201,KSIC CODE,신탁업 및 집합 투자업
1651,KSIC,K64209,KSIC CODE,기타 금융 투자업
1652,KSIC,K649,KSIC CODE,기타 금융업
1653,KSIC,K6491,KSIC CODE,여신 금융업
1654,KSIC,K64911,KSIC CODE,금융 리스업
1655,KSIC,K64912,KSIC CODE,개발 금융기관
1656,KSIC,K64913,KSIC CODE,신용카드 및 할부 금융업
1657,KSIC,K64919,KSIC CODE,그 외 기타 여신 금융업
1658,KSIC,K6499,KSIC CODE,그 외 기타 금융업
1659,KSIC,K64991,KSIC CODE,기금 운영업
1660,KSIC,K64992,KSIC CODE,지주회사
1661,KSIC,K64999,KSIC CODE,그 외 기타 분류 안된 금융업
