﻿,시도,구군,신설법인수
0,강원,강릉시,324
1,강원,고성군,56
2,강원,동해시,101
3,강원,삼척시,128
4,강원,속초시,111
5,강원,양구군,33
6,강원,양양군,51
7,강원,영월군,65
8,강원,원주시,571
9,강원,인제군,54
10,강원,정선군,69
11,강원,철원군,73
12,강원,춘천시,403
13,강원,태백시,35
14,강원,평창군,114
15,강원,홍천군,131
16,강원,화천군,42
17,강원,횡성군,68
18,경기,가평군,150
19,경기,고양시,1835
20,경기,과천시,83
21,경기,광명시,315
22,경기,광주시,825
23,경기,구리시,287
24,경기,군포시,398
25,경기,김포시,1296
26,경기,남양주시,1102
27,경기,동두천시,71
28,경기,부천시,1390
29,경기,성남시,2282
30,경기,수원시,1676
31,경기,시흥시,1017
32,경기,안산시,1554
33,경기,안성시,441
34,경기,안양시,1163
35,경기,양주시,438
36,경기,양평군,231
37,경기,여주시,245
38,경기,연천군,81
39,경기,오산시,379
40,경기,용인시,2205
41,경기,의왕시,193
42,경기,의정부시,421
43,경기,이천시,330
44,경기,파주시,1102
45,경기,평택시,1208
46,경기,포천시,386
47,경기,하남시,469
48,경기,화성시,2543
49,경남,거제시,258
50,경남,거창군,83
51,경남,고성군,118
52,경남,김해시,838
53,경남,남해군,49
54,경남,밀양시,143
55,경남,사천시,143
56,경남,산청군,68
57,경남,양산시,420
58,경남,의령군,53
59,경남,진주시,369
60,경남,창녕군,92
61,경남,창원시,1059
62,경남,통영시,123
63,경남,하동군,78
64,경남,함안군,165
65,경남,함양군,70
66,경남,합천군,105
67,경북,경산시,345
68,경북,경주시,450
69,경북,고령군,76
70,경북,구미시,605
71,경북,군위군,69
72,경북,김천시,182
73,경북,문경시,97
74,경북,봉화군,125
75,경북,상주시,207
76,경북,성주군,117
77,경북,안동시,244
78,경북,영덕군,116
79,경북,영양군,33
80,경북,영주시,118
81,경북,영천시,211
82,경북,예천군,65
83,경북,울릉군,10
84,경북,울진군,69
85,경북,의성군,100
86,경북,청도군,54
87,경북,청송군,37
88,경북,칠곡군,245
89,경북,포항시,573
90,광주,광산구,989
91,광주,남구,327
92,광주,동구,387
93,광주,북구,1098
94,광주,서구,1054
95,대구,남구,189
96,대구,달서구,689
97,대구,달성군,321
98,대구,동구,445
99,대구,북구,509
100,대구,서구,200
101,대구,수성구,596
102,대구,중구,291
103,대전,대덕구,326
104,대전,동구,235
105,대전,서구,781
106,대전,유성구,848
107,대전,중구,309
108,부산,강서구,528
109,부산,금정구,313
110,부산,기장군,223
111,부산,남구,346
112,부산,동구,275
113,부산,동래구,301
114,부산,부산진구,529
115,부산,북구,143
116,부산,사상구,346
117,부산,사하구,280
118,부산,서구,118
119,부산,수영구,229
120,부산,연제구,313
121,부산,영도구,105
122,부산,중구,227
123,부산,해운대구,840
124,서울,강남구,7445
125,서울,강동구,610
126,서울,강북구,255
127,서울,강서구,1321
128,서울,관악구,467
129,서울,광진구,666
130,서울,구로구,1523
131,서울,금천구,1733
132,서울,노원구,371
133,서울,도봉구,189
134,서울,동대문구,517
135,서울,동작구,374
136,서울,마포구,1901
137,서울,서대문구,443
138,서울,서초구,3439
139,서울,성동구,1165
140,서울,성북구,404
141,서울,송파구,2132
142,서울,양천구,483
143,서울,영등포구,3705
144,서울,용산구,773
145,서울,은평구,401
146,서울,종로구,1313
147,서울,중구,1609
148,서울,중랑구,270
149,울산,남구,521
150,울산,동구,104
151,울산,북구,198
152,울산,울주군,398
153,울산,중구,192
154,인천,강화군,116
155,인천,계양구,338
156,인천,남동구,833
157,인천,동구,138
158,인천,미추홀구,439
159,인천,부평구,531
160,인천,서구,958
161,인천,연수구,737
162,인천,옹진군,55
163,인천,중구,333
164,전남,강진군,83
165,전남,고흥군,198
166,전남,곡성군,50
167,전남,광양시,237
168,전남,구례군,26
169,전남,나주시,410
170,전남,담양군,113
171,전남,목포시,422
172,전남,무안군,208
173,전남,보성군,88
174,전남,순천시,399
175,전남,신안군,161
176,전남,여수시,350
177,전남,영광군,139
178,전남,영암군,303
179,전남,완도군,106
180,전남,장성군,168
181,전남,장흥군,122
182,전남,진도군,57
183,전남,함평군,85
184,전남,해남군,173
185,전남,화순군,163
186,전북,고창군,150
187,전북,군산시,486
188,전북,김제시,190
189,전북,남원시,166
190,전북,무주군,71
191,전북,부안군,120
192,전북,순창군,52
193,전북,완주군,241
194,전북,익산시,484
195,전북,임실군,50
196,전북,장수군,78
197,전북,전주시,1167
198,전북,정읍시,202
199,전북,진안군,61
200,제주,서귀포시,350
201,제주,제주시,1141
202,충남,계룡시,50
203,충남,공주시,173
204,충남,금산군,170
205,충남,논산시,147
206,충남,당진시,279
207,충남,보령시,196
208,충남,부여군,137
209,충남,서산시,166
210,충남,서천군,69
211,충남,아산시,578
212,충남,예산군,124
213,충남,천안시,1302
214,충남,청양군,51
215,충남,태안군,106
216,충남,홍성군,113
217,충북,괴산군,127
218,충북,단양군,41
219,충북,보은군,51
220,충북,영동군,67
221,충북,옥천군,94
222,충북,음성군,329
223,충북,제천시,167
224,충북,증평군,43
225,충북,진천군,174
226,충북,청주시,1290
227,충북,충주시,343
0,세종시,없음,622
