﻿,시도,구군,신설법인수
0,강원,강릉시,259
1,강원,고성군,59
2,강원,동해시,100
3,강원,삼척시,113
4,강원,속초시,92
5,강원,양구군,43
6,강원,양양군,44
7,강원,영월군,74
8,강원,원주시,536
9,강원,인제군,47
10,강원,정선군,70
11,강원,철원군,59
12,강원,춘천시,406
13,강원,태백시,104
14,강원,평창군,102
15,강원,홍천군,135
16,강원,화천군,30
17,강원,횡성군,85
18,경기,가평군,150
19,경기,고양시,1905
20,경기,과천시,71
21,경기,광명시,360
22,경기,광주시,942
23,경기,구리시,273
24,경기,군포시,379
25,경기,김포시,1862
26,경기,남양주시,1288
27,경기,동두천시,111
28,경기,부천시,1464
29,경기,성남시,2197
30,경기,수원시,1637
31,경기,시흥시,1085
32,경기,안산시,1783
33,경기,안성시,435
34,경기,안양시,1117
35,경기,양주시,571
36,경기,양평군,289
37,경기,여주시,233
38,경기,연천군,100
39,경기,오산시,377
40,경기,용인시,3483
41,경기,의왕시,211
42,경기,의정부시,398
43,경기,이천시,391
44,경기,파주시,1426
45,경기,평택시,1219
46,경기,포천시,459
47,경기,하남시,585
48,경기,화성시,3059
49,경남,거제시,341
50,경남,거창군,131
51,경남,고성군,118
52,경남,김해시,882
53,경남,남해군,44
54,경남,밀양시,148
55,경남,사천시,149
56,경남,산청군,78
57,경남,양산시,452
58,경남,의령군,46
59,경남,진주시,373
60,경남,창녕군,106
61,경남,창원시,1056
62,경남,통영시,147
63,경남,하동군,87
64,경남,함안군,181
65,경남,함양군,62
66,경남,합천군,101
67,경북,경산시,370
68,경북,경주시,449
69,경북,고령군,66
70,경북,구미시,584
71,경북,군위군,48
72,경북,김천시,226
73,경북,문경시,90
74,경북,봉화군,53
75,경북,상주시,111
76,경북,성주군,124
77,경북,안동시,252
78,경북,영덕군,66
79,경북,영양군,21
80,경북,영주시,143
81,경북,영천시,191
82,경북,예천군,74
83,경북,울릉군,14
84,경북,울진군,54
85,경북,의성군,96
86,경북,청도군,108
87,경북,청송군,30
88,경북,칠곡군,291
89,경북,포항시,573
90,광주,광산구,953
91,광주,남구,418
92,광주,동구,377
93,광주,북구,1101
94,광주,서구,1005
95,대구,남구,229
96,대구,달서구,642
97,대구,달성군,328
98,대구,동구,533
99,대구,북구,514
100,대구,서구,220
101,대구,수성구,716
102,대구,중구,369
103,대전,대덕구,337
104,대전,동구,295
105,대전,서구,916
106,대전,유성구,909
107,대전,중구,330
108,부산,강서구,628
109,부산,금정구,356
110,부산,기장군,259
111,부산,남구,378
112,부산,동구,259
113,부산,동래구,330
114,부산,부산진구,543
115,부산,북구,159
116,부산,사상구,414
117,부산,사하구,272
118,부산,서구,108
119,부산,수영구,304
120,부산,연제구,364
121,부산,영도구,111
122,부산,중구,249
123,부산,해운대구,946
124,서울,강남구,6968
125,서울,강동구,578
126,서울,강북구,280
127,서울,강서구,1366
128,서울,관악구,478
129,서울,광진구,594
130,서울,구로구,1602
131,서울,금천구,1948
132,서울,노원구,332
133,서울,도봉구,214
134,서울,동대문구,521
135,서울,동작구,403
136,서울,마포구,2022
137,서울,서대문구,531
138,서울,서초구,3645
139,서울,성동구,1350
140,서울,성북구,400
141,서울,송파구,2135
142,서울,양천구,446
143,서울,영등포구,4276
144,서울,용산구,770
145,서울,은평구,408
146,서울,종로구,1051
147,서울,중구,1640
148,서울,중랑구,309
149,울산,남구,527
150,울산,동구,130
151,울산,북구,173
152,울산,울주군,427
153,울산,중구,195
154,인천,강화군,136
155,인천,계양구,352
156,인천,남동구,892
157,인천,동구,142
158,인천,미추홀구,476
159,인천,부평구,593
160,인천,서구,999
161,인천,연수구,1000
162,인천,옹진군,48
163,인천,중구,350
164,전남,강진군,90
165,전남,고흥군,123
166,전남,곡성군,61
167,전남,광양시,227
168,전남,구례군,45
169,전남,나주시,409
170,전남,담양군,143
171,전남,목포시,355
172,전남,무안군,193
173,전남,보성군,74
174,전남,순천시,457
175,전남,신안군,177
176,전남,여수시,414
177,전남,영광군,123
178,전남,영암군,301
179,전남,완도군,137
180,전남,장성군,179
181,전남,장흥군,105
182,전남,진도군,56
183,전남,함평군,84
184,전남,해남군,194
185,전남,화순군,145
186,전북,고창군,88
187,전북,군산시,585
188,전북,김제시,176
189,전북,남원시,178
190,전북,무주군,39
191,전북,부안군,121
192,전북,순창군,50
193,전북,완주군,265
194,전북,익산시,463
195,전북,임실군,31
196,전북,장수군,62
197,전북,전주시,1266
198,전북,정읍시,196
199,전북,진안군,65
200,제주,서귀포시,282
201,제주,제주시,1211
202,충남,계룡시,41
203,충남,공주시,192
204,충남,금산군,145
205,충남,논산시,191
206,충남,당진시,362
207,충남,보령시,176
208,충남,부여군,123
209,충남,서산시,252
210,충남,서천군,67
211,충남,아산시,633
212,충남,예산군,127
213,충남,천안시,1423
214,충남,청양군,61
215,충남,태안군,123
216,충남,홍성군,137
217,충북,괴산군,89
218,충북,단양군,52
219,충북,보은군,52
220,충북,영동군,66
221,충북,옥천군,75
222,충북,음성군,349
223,충북,제천시,179
224,충북,증평군,45
225,충북,진천군,203
226,충북,청주시,1269
227,충북,충주시,325
0,세종시,없음,742
