﻿,시도,구군,신설법인수
0,강원,강릉시,310
1,강원,고성군,67
2,강원,동해시,124
3,강원,삼척시,119
4,강원,속초시,117
5,강원,양구군,49
6,강원,양양군,65
7,강원,영월군,65
8,강원,원주시,674
9,강원,인제군,56
10,강원,정선군,79
11,강원,철원군,73
12,강원,춘천시,500
13,강원,태백시,80
14,강원,평창군,143
15,강원,홍천군,151
16,강원,화천군,36
17,강원,횡성군,100
18,경기,가평군,180
19,경기,고양시,1980
20,경기,과천시,73
21,경기,광명시,435
22,경기,광주시,1139
23,경기,구리시,357
24,경기,군포시,404
25,경기,김포시,2126
26,경기,남양주시,1839
27,경기,동두천시,167
28,경기,부천시,1499
29,경기,성남시,2393
30,경기,수원시,1735
31,경기,시흥시,1309
32,경기,안산시,2502
33,경기,안성시,517
34,경기,안양시,1083
35,경기,양주시,822
36,경기,양평군,364
37,경기,여주시,263
38,경기,연천군,108
39,경기,오산시,509
40,경기,용인시,4946
41,경기,의왕시,184
42,경기,의정부시,532
43,경기,이천시,450
44,경기,파주시,1796
45,경기,평택시,1578
46,경기,포천시,547
47,경기,하남시,844
48,경기,화성시,3957
49,경남,거제시,329
50,경남,거창군,111
51,경남,고성군,111
52,경남,김해시,934
53,경남,남해군,54
54,경남,밀양시,161
55,경남,사천시,137
56,경남,산청군,70
57,경남,양산시,522
58,경남,의령군,55
59,경남,진주시,422
60,경남,창녕군,120
61,경남,창원시,1183
62,경남,통영시,173
63,경남,하동군,75
64,경남,함안군,172
65,경남,함양군,80
66,경남,합천군,56
67,경북,경산시,470
68,경북,경주시,473
69,경북,고령군,72
70,경북,구미시,678
71,경북,군위군,46
72,경북,김천시,249
73,경북,문경시,104
74,경북,봉화군,72
75,경북,상주시,113
76,경북,성주군,151
77,경북,안동시,245
78,경북,영덕군,66
79,경북,영양군,27
80,경북,영주시,120
81,경북,영천시,175
82,경북,예천군,81
83,경북,울릉군,13
84,경북,울진군,50
85,경북,의성군,87
86,경북,청도군,73
87,경북,청송군,36
88,경북,칠곡군,272
89,경북,포항시,652
90,광주,광산구,1079
91,광주,남구,346
92,광주,동구,430
93,광주,북구,1245
94,광주,서구,1084
95,대구,남구,251
96,대구,달서구,768
97,대구,달성군,365
98,대구,동구,548
99,대구,북구,557
100,대구,서구,245
101,대구,수성구,849
102,대구,중구,377
103,대전,대덕구,351
104,대전,동구,332
105,대전,서구,1071
106,대전,유성구,1045
107,대전,중구,390
108,부산,강서구,582
109,부산,금정구,351
110,부산,기장군,337
111,부산,남구,411
112,부산,동구,287
113,부산,동래구,359
114,부산,부산진구,634
115,부산,북구,218
116,부산,사상구,392
117,부산,사하구,249
118,부산,서구,200
119,부산,수영구,344
120,부산,연제구,460
121,부산,영도구,106
122,부산,중구,228
123,부산,해운대구,1096
124,서울,강남구,7628
125,서울,강동구,668
126,서울,강북구,318
127,서울,강서구,1645
128,서울,관악구,526
129,서울,광진구,687
130,서울,구로구,1685
131,서울,금천구,1951
132,서울,노원구,357
133,서울,도봉구,241
134,서울,동대문구,567
135,서울,동작구,370
136,서울,마포구,1822
137,서울,서대문구,603
138,서울,서초구,3545
139,서울,성동구,1373
140,서울,성북구,416
141,서울,송파구,2171
142,서울,양천구,462
143,서울,영등포구,4816
144,서울,용산구,852
145,서울,은평구,466
146,서울,종로구,1029
147,서울,중구,1362
148,서울,중랑구,311
149,울산,남구,633
150,울산,동구,139
151,울산,북구,235
152,울산,울주군,464
153,울산,중구,234
154,인천,강화군,159
155,인천,계양구,348
156,인천,남동구,999
157,인천,동구,138
158,인천,미추홀구,404
159,인천,부평구,624
160,인천,서구,1291
161,인천,연수구,1279
162,인천,옹진군,28
163,인천,중구,396
164,전남,강진군,88
165,전남,고흥군,121
166,전남,곡성군,59
167,전남,광양시,261
168,전남,구례군,33
169,전남,나주시,416
170,전남,담양군,151
171,전남,목포시,450
172,전남,무안군,194
173,전남,보성군,84
174,전남,순천시,418
175,전남,신안군,98
176,전남,여수시,470
177,전남,영광군,117
178,전남,영암군,348
179,전남,완도군,84
180,전남,장성군,174
181,전남,장흥군,72
182,전남,진도군,45
183,전남,함평군,97
184,전남,해남군,178
185,전남,화순군,159
186,전북,고창군,134
187,전북,군산시,649
188,전북,김제시,290
189,전북,남원시,185
190,전북,무주군,66
191,전북,부안군,123
192,전북,순창군,60
193,전북,완주군,262
194,전북,익산시,562
195,전북,임실군,65
196,전북,장수군,40
197,전북,전주시,1364
198,전북,정읍시,248
199,전북,진안군,59
200,제주,서귀포시,377
201,제주,제주시,1238
202,충남,계룡시,53
203,충남,공주시,278
204,충남,금산군,155
205,충남,논산시,220
206,충남,당진시,372
207,충남,보령시,208
208,충남,부여군,123
209,충남,서산시,253
210,충남,서천군,99
211,충남,아산시,758
212,충남,예산군,133
213,충남,천안시,1632
214,충남,청양군,58
215,충남,태안군,113
216,충남,홍성군,184
217,충북,괴산군,105
218,충북,단양군,42
219,충북,보은군,50
220,충북,영동군,60
221,충북,옥천군,109
222,충북,음성군,444
223,충북,제천시,207
224,충북,증평군,48
225,충북,진천군,197
226,충북,청주시,1558
227,충북,충주시,383
0,세종시,없음,873
